country,year,pol_lib,bigimp,wb_name,iso3,gdp_pc_constant_usd,population,country_id,year_factor,event_year,leadlag,year_1985,year_1986,year_1987,year_1988,year_1989,year_1990,year_1991,year_1992,year_1993,year_1994,year_1995,year_1996,year_1997,year_1998
Angola,1985,0,0,Angola,AGO,2896.78303600758,9779120,1,1985,1992,-7,1,0,0,0,0,0,0,0,0,0,0,0,0,0
Angola,1986,0,0,Angola,AGO,2874.86018427609,10139450,1,1986,1992,-6,0,1,0,0,0,0,0,0,0,0,0,0,0,0
Angola,1987,0,0,Angola,AGO,2890.07547573739,10497858,1,1987,1992,-5,0,0,1,0,0,0,0,0,0,0,0,0,0,0
Angola,1988,0,0,Angola,AGO,2964.572344914,10861291,1,1988,1992,-4,0,0,0,1,0,0,0,0,0,0,0,0,0,0
Angola,1989,0,0,Angola,AGO,2866.24611384236,11238562,1,1989,1992,-3,0,0,0,0,1,0,0,0,0,0,0,0,0,0
Angola,1990,0,0,Angola,AGO,2675.05239370666,11626360,1,1990,1992,-2,0,0,0,0,0,1,0,0,0,0,0,0,0,0
Angola,1991,1,0,Angola,AGO,2612.33170523819,12023529,1,1991,1992,-1,0,0,0,0,0,0,1,0,0,0,0,0,0,0
Angola,1992,3,1,Angola,AGO,2380.58274213388,12423712,1,1992,1992,0,0,0,0,0,0,0,0,1,0,0,0,0,0,0
Angola,1993,0,0,Angola,AGO,1752.72318662558,12827135,1,1993,1992,1,0,0,0,0,0,0,0,0,1,0,0,0,0,0
Angola,1994,2,0,Angola,AGO,1719.54294465223,13249764,1,1994,1992,2,0,0,0,0,0,0,0,0,0,1,0,0,0,0
Angola,1995,0,0,Angola,AGO,1912.51777523397,13699778,1,1995,1992,3,0,0,0,0,0,0,0,0,0,0,1,0,0,0
Angola,1996,0,0,Angola,AGO,2099.3504538481902,14170973,1,1996,1992,4,0,0,0,0,0,0,0,0,0,0,0,1,0,0
Angola,1997,0,0,Angola,AGO,2176.87757986492,14660413,1,1997,1992,5,0,0,0,0,0,0,0,0,0,0,0,0,1,0
Angola,1998,0,0,Angola,AGO,2203.98692701325,15159370,1,1998,1992,6,0,0,0,0,0,0,0,0,0,0,0,0,0,1
Benin,1985,0,0,Benin,BEN,791.727164830118,4538012,2,1985,1991,-6,1,0,0,0,0,0,0,0,0,0,0,0,0,0
Benin,1986,0,0,Benin,BEN,785.143070110497,4675420,2,1986,1991,-5,0,1,0,0,0,0,0,0,0,0,0,0,0,0
Benin,1987,0,0,Benin,BEN,750.403840602099,4818486,2,1987,1991,-4,0,0,1,0,0,0,0,0,0,0,0,0,0,0
Benin,1988,0,0,Benin,BEN,752.704034985609,4967341,2,1988,1991,-3,0,0,0,1,0,0,0,0,0,0,0,0,0,0
Benin,1989,0,0,Benin,BEN,709.188907710243,5121657,2,1989,1991,-2,0,0,0,0,1,0,0,0,0,0,0,0,0,0
Benin,1990,2,0,Benin,BEN,749.459666582926,5281479,2,1990,1991,-1,0,0,0,0,0,1,0,0,0,0,0,0,0,0
Benin,1991,4,1,Benin,BEN,757.403145107877,5446932,2,1991,1991,0,0,0,0,0,0,0,1,0,0,0,0,0,0,0
Benin,1992,4,0,Benin,BEN,756.080888165851,5617844,2,1992,1991,1,0,0,0,0,0,0,0,1,0,0,0,0,0,0
Benin,1993,4,0,Benin,BEN,765.479914438342,5872706,2,1993,1991,2,0,0,0,0,0,0,0,0,1,0,0,0,0,0
Benin,1994,4,0,Benin,BEN,752.277508740764,6096506,2,1994,1991,3,0,0,0,0,0,0,0,0,0,1,0,0,0,0
Benin,1995,4,0,Benin,BEN,781.0647884601,6226773,2,1995,1991,4,0,0,0,0,0,0,0,0,0,0,1,0,0,0
Benin,1996,4,0,Benin,BEN,793.7950526962,6391858,2,1996,1991,5,0,0,0,0,0,0,0,0,0,0,0,1,0,0
Benin,1997,4,0,Benin,BEN,814.901395438676,6583365,2,1997,1991,6,0,0,0,0,0,0,0,0,0,0,0,0,1,0
Benin,1998,0,0,Benin,BEN,821.459971433599,6789489,2,1998,1991,7,0,0,0,0,0,0,0,0,0,0,0,0,0,1
Botswana,1985,4,0,Botswana,BWA,2693.78188151685,1121945,3,1985,NA,NA,1,0,0,0,0,0,0,0,0,0,0,0,0,0
Botswana,1986,4,0,Botswana,BWA,2816.7693715823,1160650,3,1986,NA,NA,0,1,0,0,0,0,0,0,0,0,0,0,0,0
Botswana,1987,4,0,Botswana,BWA,3050.23176245012,1199167,3,1987,NA,NA,0,0,1,0,0,0,0,0,0,0,0,0,0,0
Botswana,1988,4,0,Botswana,BWA,3536.42325387877,1235476,3,1988,NA,NA,0,0,0,1,0,0,0,0,0,0,0,0,0,0
Botswana,1989,4,0,Botswana,BWA,3888.73045113925,1270274,3,1989,NA,NA,0,0,0,0,1,0,0,0,0,0,0,0,0,0
Botswana,1990,4,0,Botswana,BWA,4039.46544455099,1305696,3,1990,NA,NA,0,0,0,0,0,1,0,0,0,0,0,0,0,0
Botswana,1991,4,0,Botswana,BWA,4224.09857544948,1341756,3,1991,NA,NA,0,0,0,0,0,0,1,0,0,0,0,0,0,0
Botswana,1992,4,0,Botswana,BWA,4226.73999498293,1380033,3,1992,NA,NA,0,0,0,0,0,0,0,1,0,0,0,0,0,0
Botswana,1993,4,0,Botswana,BWA,4186.14547358363,1420115,3,1993,NA,NA,0,0,0,0,0,0,0,0,1,0,0,0,0,0
Botswana,1994,4,0,Botswana,BWA,4219.4408088678,1460023,3,1994,NA,NA,0,0,0,0,0,0,0,0,0,1,0,0,0,0
Botswana,1995,4,0,Botswana,BWA,4399.1388580936,1498836,3,1995,NA,NA,0,0,0,0,0,0,0,0,0,0,1,0,0,0
Botswana,1996,4,0,Botswana,BWA,4543.2105349273,1535914,3,1996,NA,NA,0,0,0,0,0,0,0,0,0,0,0,1,0,0
Botswana,1997,4,0,Botswana,BWA,4809.4439184672,1571691,3,1997,NA,NA,0,0,0,0,0,0,0,0,0,0,0,0,1,0
Botswana,1998,4,0,Botswana,BWA,4724.93670942028,1606899,3,1998,NA,NA,0,0,0,0,0,0,0,0,0,0,0,0,0,1
Burkina Faso,1985,0,0,Burkina Faso,BFA,328.715164630481,7999935,4,1985,1991,-6,1,0,0,0,0,0,0,0,0,0,0,0,0,0
Burkina Faso,1986,0,0,Burkina Faso,BFA,344.993912306641,8228847,4,1986,1991,-5,0,1,0,0,0,0,0,0,0,0,0,0,0,0
Burkina Faso,1987,0,0,Burkina Faso,BFA,334.888996959212,8457109,4,1987,1991,-4,0,0,1,0,0,0,0,0,0,0,0,0,0,0
Burkina Faso,1988,0,0,Burkina Faso,BFA,344.904464201203,8687435,4,1988,1991,-3,0,0,0,1,0,0,0,0,0,0,0,0,0,0
Burkina Faso,1989,0,0,Burkina Faso,BFA,343.089820260752,8921175,4,1989,1991,-2,0,0,0,0,1,0,0,0,0,0,0,0,0,0
Burkina Faso,1990,1,0,Burkina Faso,BFA,332.153276660935,9159356,4,1990,1991,-1,0,0,0,0,0,1,0,0,0,0,0,0,0,0
Burkina Faso,1991,3,1,Burkina Faso,BFA,353.206720757378,9394632,4,1991,1991,0,0,0,0,0,0,0,1,0,0,0,0,0,0,0
Burkina Faso,1992,3,0,Burkina Faso,BFA,345.401816823349,9629275,4,1992,1991,1,0,0,0,0,0,0,0,1,0,0,0,0,0,0
Burkina Faso,1993,3,0,Burkina Faso,BFA,348.581211032689,9871713,4,1993,1991,2,0,0,0,0,0,0,0,0,1,0,0,0,0,0
Burkina Faso,1994,3,0,Burkina Faso,BFA,344.371184069503,10123798,4,1994,1991,3,0,0,0,0,0,0,0,0,0,1,0,0,0,0
Burkina Faso,1995,3,0,Burkina Faso,BFA,354.841188502861,10386722,4,1995,1991,4,0,0,0,0,0,0,0,0,0,0,1,0,0,0
Burkina Faso,1996,3,0,Burkina Faso,BFA,383.973583031147,10655942,4,1996,1991,5,0,0,0,0,0,0,0,0,0,0,0,1,0,0
Burkina Faso,1997,3,0,Burkina Faso,BFA,397.838955257373,10934223,4,1997,1991,6,0,0,0,0,0,0,0,0,0,0,0,0,1,0
Burkina Faso,1998,3,0,Burkina Faso,BFA,415.273513470241,11240664,4,1998,1991,7,0,0,0,0,0,0,0,0,0,0,0,0,0,1
Burundi,1985,0,0,Burundi,BDI,345.163854234518,5034042,5,1985,1993,-8,1,0,0,0,0,0,0,0,0,0,0,0,0,0
Burundi,1986,0,0,Burundi,BDI,349.756030266147,5129414,5,1986,1993,-7,0,1,0,0,0,0,0,0,0,0,0,0,0,0
Burundi,1987,0,0,Burundi,BDI,360.679923797347,5247787,5,1987,1993,-6,0,0,1,0,0,0,0,0,0,0,0,0,0,0
Burundi,1988,0,0,Burundi,BDI,370.526755664209,5365327,5,1988,1993,-5,0,0,0,1,0,0,0,0,0,0,0,0,0,0
Burundi,1989,0,0,Burundi,BDI,368.226157097932,5471706,5,1989,1993,-4,0,0,0,0,1,0,0,0,0,0,0,0,0,0
Burundi,1990,0,0,Burundi,BDI,373.245241687992,5587052,5,1990,1993,-3,0,0,0,0,0,1,0,0,0,0,0,0,0,0
Burundi,1991,1,0,Burundi,BDI,383.870358589191,5703857,5,1991,1993,-2,0,0,0,0,0,0,1,0,0,0,0,0,0,0
Burundi,1992,2,0,Burundi,BDI,377.518319697874,5858407,5,1992,1993,-1,0,0,0,0,0,0,0,1,0,0,0,0,0,0
Burundi,1993,3,1,Burundi,BDI,365.282012271705,5676843,5,1993,1993,0,0,0,0,0,0,0,0,0,1,0,0,0,0,0
Burundi,1994,0,0,Burundi,BDI,349.016249237768,5713854,5,1994,1993,1,0,0,0,0,0,0,0,0,0,1,0,0,0,0
Burundi,1995,0,0,Burundi,BDI,302.701844524604,6066316,5,1995,1993,2,0,0,0,0,0,0,0,0,0,0,1,0,0,0
Burundi,1996,2,0,Burundi,BDI,278.293479866983,6070506,5,1996,1993,3,0,0,0,0,0,0,0,0,0,0,0,1,0,0
Burundi,1997,2,0,Burundi,BDI,273.889548332896,6070042,5,1997,1993,4,0,0,0,0,0,0,0,0,0,0,0,0,1,0
Burundi,1998,2,0,Burundi,BDI,281.470892716422,6187108,5,1998,1993,5,0,0,0,0,0,0,0,0,0,0,0,0,0,1
Cameroon,1985,0,0,Cameroon,CMR,1778.88090277491,9761730,6,1985,1991,-6,1,0,0,0,0,0,0,0,0,0,0,0,0,0
Cameroon,1986,0,0,Cameroon,CMR,1842.96431745669,10060342,6,1986,1991,-5,0,1,0,0,0,0,0,0,0,0,0,0,0,0
Cameroon,1987,0,0,Cameroon,CMR,1749.42466570751,10370749,6,1987,1991,-4,0,0,1,0,0,0,0,0,0,0,0,0,0,0
Cameroon,1988,0,0,Cameroon,CMR,1565.13475286994,10684968,6,1988,1991,-3,0,0,0,1,0,0,0,0,0,0,0,0,0,0
Cameroon,1989,0,0,Cameroon,CMR,1492.28176078781,11002745,6,1989,1991,-2,0,0,0,0,1,0,0,0,0,0,0,0,0,0
Cameroon,1990,2,0,Cameroon,CMR,1360.47765296011,11331821,6,1990,1991,-1,0,0,0,0,0,1,0,0,0,0,0,0,0,0
Cameroon,1991,4,1,Cameroon,CMR,1271.04658608388,11667180,6,1991,1991,0,0,0,0,0,0,0,1,0,0,0,0,0,0,0
Cameroon,1992,4,0,Cameroon,CMR,1196.85081918895,12006353,6,1992,1991,1,0,0,0,0,0,0,0,1,0,0,0,0,0,0
Cameroon,1993,4,0,Cameroon,CMR,1070.98275377636,12353131,6,1993,1991,2,0,0,0,0,0,0,0,0,1,0,0,0,0,0
Cameroon,1994,4,0,Cameroon,CMR,1060.87326552909,12704903,6,1994,1991,3,0,0,0,0,0,0,0,0,0,1,0,0,0,0
Cameroon,1995,4,0,Cameroon,CMR,1062.01607349987,13058516,6,1995,1991,4,0,0,0,0,0,0,0,0,0,0,1,0,0,0
Cameroon,1996,4,0,Cameroon,CMR,1077.38925202961,13414757,6,1996,1991,5,0,0,0,0,0,0,0,0,0,0,0,1,0,0
Cameroon,1997,4,0,Cameroon,CMR,1096.69757735007,13775214,6,1997,1991,6,0,0,0,0,0,0,0,0,0,0,0,0,1,0
Cameroon,1998,4,0,Cameroon,CMR,1118.50819963079,14144860,6,1998,1991,7,0,0,0,0,0,0,0,0,0,0,0,0,0,1
Cape Verde,1985,0,0,Cabo Verde,CPV,745.620229080143,347365,7,1985,1993,-8,1,0,0,0,0,0,0,0,0,0,0,0,0,0
Cape Verde,1986,0,0,Cabo Verde,CPV,756.26010041403,352312,7,1986,1993,-7,0,1,0,0,0,0,0,0,0,0,0,0,0,0
Cape Verde,1987,0,0,Cabo Verde,CPV,777.830957355952,357302,7,1987,1993,-6,0,0,1,0,0,0,0,0,0,0,0,0,0,0
Cape Verde,1988,0,0,Cabo Verde,CPV,813.037458467319,362329,7,1988,1993,-5,0,0,0,1,0,0,0,0,0,0,0,0,0,0
Cape Verde,1989,0,0,Cabo Verde,CPV,846.574036092057,367803,7,1989,1993,-4,0,0,0,0,1,0,0,0,0,0,0,0,0,0
Cape Verde,1990,0,0,Cabo Verde,CPV,835.120723175504,375428,7,1990,1993,-3,0,0,0,0,0,1,0,0,0,0,0,0,0,0
Cape Verde,1991,1,0,Cabo Verde,CPV,826.681399309547,384586,7,1991,1993,-2,0,0,0,0,0,0,1,0,0,0,0,0,0,0
Cape Verde,1992,1,0,Cabo Verde,CPV,896.519359558541,393415,7,1992,1993,-1,0,0,0,0,0,0,0,1,0,0,0,0,0,0
Cape Verde,1993,4,1,Cabo Verde,CPV,953.861011115729,401965,7,1993,1993,0,0,0,0,0,0,0,0,0,1,0,0,0,0,0
Cape Verde,1994,4,0,Cabo Verde,CPV,1113.93806476467,410228,7,1994,1993,1,0,0,0,0,0,0,0,0,0,1,0,0,0,0
Cape Verde,1995,4,0,Cabo Verde,CPV,1248.28104350759,418104,7,1995,1993,2,0,0,0,0,0,0,0,0,0,0,1,0,0,0
Cape Verde,1996,4,0,Cabo Verde,CPV,1365.49820603623,425581,7,1996,1993,3,0,0,0,0,0,0,0,0,0,0,0,1,0,0
Cape Verde,1997,4,0,Cabo Verde,CPV,1492.01847422507,432798,7,1997,1993,4,0,0,0,0,0,0,0,0,0,0,0,0,1,0
Cape Verde,1998,4,0,Cabo Verde,CPV,1652.11117220593,439784,7,1998,1993,5,0,0,0,0,0,0,0,0,0,0,0,0,0,1
Central African Republic,1985,0,0,Central African Republic,CAF,574.324850721819,2600932,8,1985,1992,-7,1,0,0,0,0,0,0,0,0,0,0,0,0,0
Central African Republic,1986,0,0,Central African Republic,CAF,587.348322352386,2634258,8,1986,1992,-6,0,1,0,0,0,0,0,0,0,0,0,0,0,0
Central African Republic,1987,0,0,Central African Republic,CAF,551.039434586106,2669155,8,1987,1992,-5,0,0,1,0,0,0,0,0,0,0,0,0,0,0
Central African Republic,1988,0,0,Central African Republic,CAF,551.209370152878,2713965,8,1988,1992,-4,0,0,0,1,0,0,0,0,0,0,0,0,0,0
Central African Republic,1989,0,0,Central African Republic,CAF,547.973638780833,2783970,8,1989,1992,-3,0,0,0,0,1,0,0,0,0,0,0,0,0,0
Central African Republic,1990,1,0,Central African Republic,CAF,519.786735961912,2871910,8,1990,1992,-2,0,0,0,0,0,1,0,0,0,0,0,0,0,0
Central African Republic,1991,2,0,Central African Republic,CAF,500.991150890901,2963191,8,1991,1992,-1,0,0,0,0,0,0,1,0,0,0,0,0,0,0
Central African Republic,1992,3,1,Central African Republic,CAF,454.148968239471,3058831,8,1992,1992,0,0,0,0,0,0,0,0,1,0,0,0,0,0,0
Central African Republic,1993,3,0,Central African Republic,CAF,441.384907508364,3157839,8,1993,1992,1,0,0,0,0,0,0,0,0,1,0,0,0,0,0
Central African Republic,1994,3,0,Central African Republic,CAF,448.784442959801,3257954,8,1994,1992,2,0,0,0,0,0,0,0,0,0,1,0,0,0,0
Central African Republic,1995,3,0,Central African Republic,CAF,468.150527620686,3348052,8,1995,1992,3,0,0,0,0,0,0,0,0,0,0,1,0,0,0
Central African Republic,1996,3,0,Central African Republic,CAF,437.925054761723,3435965,8,1996,1992,4,0,0,0,0,0,0,0,0,0,0,0,1,0,0
Central African Republic,1997,3,0,Central African Republic,CAF,448.634663639551,3531700,8,1997,1992,5,0,0,0,0,0,0,0,0,0,0,0,0,1,0
Central African Republic,1998,3,0,Central African Republic,CAF,457.148858416438,3628827,8,1998,1992,6,0,0,0,0,0,0,0,0,0,0,0,0,0,1
Chad,1985,0,0,Chad,TCD,651.091982292771,5096269,9,1985,1996,-11,1,0,0,0,0,0,0,0,0,0,0,0,0,0
Chad,1986,0,0,Chad,TCD,606.106003867547,5251069,9,1986,1996,-10,0,1,0,0,0,0,0,0,0,0,0,0,0,0
Chad,1987,0,0,Chad,TCD,571.257670965961,5438309,9,1987,1996,-9,0,0,1,0,0,0,0,0,0,0,0,0,0,0
Chad,1988,0,0,Chad,TCD,637.738401242898,5625602,9,1988,1996,-8,0,0,0,1,0,0,0,0,0,0,0,0,0,0
Chad,1989,0,0,Chad,TCD,646.594144560668,5819586,9,1989,1996,-7,0,0,0,0,1,0,0,0,0,0,0,0,0,0
Chad,1990,0,0,Chad,TCD,602.670685766624,5982833,9,1990,1996,-6,0,0,0,0,0,1,0,0,0,0,0,0,0,0
Chad,1991,1,0,Chad,TCD,630.620682685597,6205676,9,1991,1996,-5,0,0,0,0,0,0,1,0,0,0,0,0,0,0
Chad,1992,0,0,Chad,TCD,652.785002163699,6474656,9,1992,1996,-4,0,0,0,0,0,0,0,1,0,0,0,0,0,0
Chad,1993,0,0,Chad,TCD,537.410535921164,6629146,9,1993,1996,-3,0,0,0,0,0,0,0,0,1,0,0,0,0,0
Chad,1994,0,0,Chad,TCD,578.423503776262,6783450,9,1994,1996,-2,0,0,0,0,0,0,0,0,0,1,0,0,0,0
Chad,1995,2,0,Chad,TCD,560.331446834029,7089064,9,1995,1996,-1,0,0,0,0,0,0,0,0,0,0,1,0,0,0
Chad,1996,3,1,Chad,TCD,547.925799466002,7410108,9,1996,1996,0,0,0,0,0,0,0,0,0,0,0,0,1,0,0
Chad,1997,3,0,Chad,TCD,559.259855835883,7670366,9,1997,1996,1,0,0,0,0,0,0,0,0,0,0,0,0,1,0
Chad,1998,3,0,Chad,TCD,577.909573468712,7938840,9,1998,1996,2,0,0,0,0,0,0,0,0,0,0,0,0,0,1
Comoros,1985,0,0,Comoros,COM,1233.95176608001,388352,10,1985,1996,-11,1,0,0,0,0,0,0,0,0,0,0,0,0,0
Comoros,1986,0,0,Comoros,COM,1224.91897248038,399318,10,1986,1996,-10,0,1,0,0,0,0,0,0,0,0,0,0,0,0
Comoros,1987,0,0,Comoros,COM,1216.49041458696,410439,10,1987,1996,-9,0,0,1,0,0,0,0,0,0,0,0,0,0,0
Comoros,1988,0,0,Comoros,COM,1242.89592167457,421687,10,1988,1996,-8,0,0,0,1,0,0,0,0,0,0,0,0,0,0
Comoros,1989,0,0,Comoros,COM,1199.03723214285,433103,10,1989,1996,-7,0,0,0,0,1,0,0,0,0,0,0,0,0,0
Comoros,1990,0,0,Comoros,COM,1253.76196294342,444596,10,1990,1996,-6,0,0,0,0,0,1,0,0,0,0,0,0,0,0
Comoros,1991,1,0,Comoros,COM,1148.13931888356,455556,10,1991,1996,-5,0,0,0,0,0,0,1,0,0,0,0,0,0,0
Comoros,1992,2,0,Comoros,COM,1207.29209443855,465113,10,1992,1996,-4,0,0,0,0,0,0,0,1,0,0,0,0,0,0
Comoros,1993,3,0,Comoros,COM,1215.6495051112,473682,10,1993,1996,-3,0,0,0,0,0,0,0,0,1,0,0,0,0,0
Comoros,1994,3,0,Comoros,COM,1146.70713941919,482142,10,1994,1996,-2,0,0,0,0,0,0,0,0,0,1,0,0,0,0
Comoros,1995,1,0,Comoros,COM,1190.50038004288,490586,10,1995,1996,-1,0,0,0,0,0,0,0,0,0,0,1,0,0,0
Comoros,1996,4,1,Comoros,COM,1164.20336109423,499107,10,1996,1996,0,0,0,0,0,0,0,0,0,0,0,0,1,0,0
Comoros,1997,4,0,Comoros,COM,1194.79487327423,507777,10,1997,1996,1,0,0,0,0,0,0,0,0,0,0,0,0,1,0
Comoros,1998,4,0,Comoros,COM,1174.68989605102,516597,10,1998,1996,2,0,0,0,0,0,0,0,0,0,0,0,0,0,1
"Congo, Dem. Rep.",1985,0,0,"Congo, Dem. Rep.",COD,979.229876234951,31264816,11,1985,1991,-6,1,0,0,0,0,0,0,0,0,0,0,0,0,0
"Congo, Dem. Rep.",1986,0,0,"Congo, Dem. Rep.",COD,993.629063435171,32265196,11,1986,1991,-5,0,1,0,0,0,0,0,0,0,0,0,0,0,0
"Congo, Dem. Rep.",1987,0,0,"Congo, Dem. Rep.",COD,988.544179306769,33298904,11,1987,1991,-4,0,0,1,0,0,0,0,0,0,0,0,0,0,0
"Congo, Dem. Rep.",1988,0,0,"Congo, Dem. Rep.",COD,961.885634113761,34382752,11,1988,1991,-3,0,0,0,1,0,0,0,0,0,0,0,0,0,0
"Congo, Dem. Rep.",1989,0,0,"Congo, Dem. Rep.",COD,920.159121957634,35486866,11,1989,1991,-2,0,0,0,0,1,0,0,0,0,0,0,0,0,0
"Congo, Dem. Rep.",1990,0,0,"Congo, Dem. Rep.",COD,831.662947440969,36684063,11,1990,1991,-1,0,0,0,0,0,1,0,0,0,0,0,0,0,0
"Congo, Dem. Rep.",1991,1,1,"Congo, Dem. Rep.",COD,736.691215470812,37925817,11,1991,1991,0,0,0,0,0,0,0,1,0,0,0,0,0,0,0
"Congo, Dem. Rep.",1992,1,0,"Congo, Dem. Rep.",COD,637.436883335816,39228910,11,1992,1991,1,0,0,0,0,0,0,0,1,0,0,0,0,0,0
"Congo, Dem. Rep.",1993,1,0,"Congo, Dem. Rep.",COD,532.214450612231,40656336,11,1993,1991,2,0,0,0,0,0,0,0,0,1,0,0,0,0,0
"Congo, Dem. Rep.",1994,1,0,"Congo, Dem. Rep.",COD,487.814601480181,42626876,11,1994,1991,3,0,0,0,0,0,0,0,0,0,1,0,0,0,0
"Congo, Dem. Rep.",1995,1,0,"Congo, Dem. Rep.",COD,471.254216678637,44433704,11,1995,1991,4,0,0,0,0,0,0,0,0,0,0,1,0,0,0
"Congo, Dem. Rep.",1996,1,0,"Congo, Dem. Rep.",COD,457.55178560632,45296124,11,1996,1991,5,0,0,0,0,0,0,0,0,0,0,0,1,0,0
"Congo, Dem. Rep.",1997,1,0,"Congo, Dem. Rep.",COD,424.966609734203,46029902,11,1997,1991,6,0,0,0,0,0,0,0,0,0,0,0,0,1,0
"Congo, Dem. Rep.",1998,1,0,"Congo, Dem. Rep.",COD,406.859287635037,47297600,11,1998,1991,7,0,0,0,0,0,0,0,0,0,0,0,0,0,1
"Congo, Rep.",1985,0,0,"Congo, Rep.",COG,2776.76428489105,2059311,12,1985,1992,-7,1,0,0,0,0,0,0,0,0,0,0,0,0,0
"Congo, Rep.",1986,0,0,"Congo, Rep.",COG,2511.48682046393,2120602,12,1986,1992,-6,0,1,0,0,0,0,0,0,0,0,0,0,0,0
"Congo, Rep.",1987,0,0,"Congo, Rep.",COG,2443.79019878646,2183473,12,1987,1992,-5,0,0,1,0,0,0,0,0,0,0,0,0,0,0
"Congo, Rep.",1988,0,0,"Congo, Rep.",COG,2415.94091643835,2247653,12,1988,1992,-4,0,0,0,1,0,0,0,0,0,0,0,0,0,0
"Congo, Rep.",1989,0,0,"Congo, Rep.",COG,2408.14159896257,2313558,12,1989,1992,-3,0,0,0,0,1,0,0,0,0,0,0,0,0,0
"Congo, Rep.",1990,0,0,"Congo, Rep.",COG,2363.76701814587,2380560,12,1990,1992,-2,0,0,0,0,0,1,0,0,0,0,0,0,0,0
"Congo, Rep.",1991,1,0,"Congo, Rep.",COG,2352.52754080776,2449229,12,1991,1992,-1,0,0,0,0,0,0,1,0,0,0,0,0,0,0
"Congo, Rep.",1992,4,1,"Congo, Rep.",COG,2346.67913794406,2519465,12,1992,1992,0,0,0,0,0,0,0,0,1,0,0,0,0,0,0
"Congo, Rep.",1993,4,0,"Congo, Rep.",COG,2255.94360801961,2595124,12,1993,1992,1,0,0,0,0,0,0,0,0,1,0,0,0,0,0
"Congo, Rep.",1994,4,0,"Congo, Rep.",COG,2069.79640456567,2673144,12,1994,1992,2,0,0,0,0,0,0,0,0,0,1,0,0,0,0
"Congo, Rep.",1995,4,0,"Congo, Rep.",COG,2092.54337905245,2749461,12,1995,1992,3,0,0,0,0,0,0,0,0,0,0,1,0,0,0
"Congo, Rep.",1996,4,0,"Congo, Rep.",COG,2122.62819294837,2826785,12,1996,1992,4,0,0,0,0,0,0,0,0,0,0,0,1,0,0
"Congo, Rep.",1997,0,0,"Congo, Rep.",COG,2064.7536042465,2887862,12,1997,1992,5,0,0,0,0,0,0,0,0,0,0,0,0,1,0
"Congo, Rep.",1998,1,0,"Congo, Rep.",COG,2095.34403570595,2952061,12,1998,1992,6,0,0,0,0,0,0,0,0,0,0,0,0,0,1
Cote d'Ivoire,1985,0,0,Cote d'Ivoire,CIV,2138.06011188618,10040483,13,1985,1990,-5,1,0,0,0,0,0,0,0,0,0,0,0,0,0
Cote d'Ivoire,1986,0,0,Cote d'Ivoire,CIV,2123.07460132975,10440917,13,1986,1990,-4,0,1,0,0,0,0,0,0,0,0,0,0,0,0
Cote d'Ivoire,1987,0,0,Cote d'Ivoire,CIV,2035.62090959375,10851475,13,1987,1990,-3,0,0,1,0,0,0,0,0,0,0,0,0,0,0
Cote d'Ivoire,1988,0,0,Cote d'Ivoire,CIV,1981.38877451772,11275189,13,1988,1990,-2,0,0,0,1,0,0,0,0,0,0,0,0,0,0
Cote d'Ivoire,1989,0,0,Cote d'Ivoire,CIV,1962.42170003804,11719771,13,1989,1990,-1,0,0,0,0,1,0,0,0,0,0,0,0,0,0
Cote d'Ivoire,1990,3,1,Cote d'Ivoire,CIV,1866.0785698741,12189778,13,1990,1990,0,0,0,0,0,0,1,0,0,0,0,0,0,0,0
Cote d'Ivoire,1991,3,0,Cote d'Ivoire,CIV,1794.12062566918,12683870,13,1991,1990,1,0,0,0,0,0,0,1,0,0,0,0,0,0,0
Cote d'Ivoire,1992,3,0,Cote d'Ivoire,CIV,1719.71261335163,13200310,13,1992,1990,2,0,0,0,0,0,0,0,1,0,0,0,0,0,0
Cote d'Ivoire,1993,3,0,Cote d'Ivoire,CIV,1649.47036183619,13735951,13,1993,1990,3,0,0,0,0,0,0,0,0,1,0,0,0,0,0
Cote d'Ivoire,1994,3,0,Cote d'Ivoire,CIV,1598.69239055813,14287201,13,1994,1990,4,0,0,0,0,0,0,0,0,0,1,0,0,0,0
Cote d'Ivoire,1995,3,0,Cote d'Ivoire,CIV,1647.08777075504,14855565,13,1995,1990,5,0,0,0,0,0,0,0,0,0,0,1,0,0,0
Cote d'Ivoire,1996,3,0,Cote d'Ivoire,CIV,1706.97650014485,15442312,13,1996,1990,6,0,0,0,0,0,0,0,0,0,0,0,1,0,0
Cote d'Ivoire,1997,3,0,Cote d'Ivoire,CIV,1801.13163122133,16047170,13,1997,1990,7,0,0,0,0,0,0,0,0,0,0,0,0,1,0
Cote d'Ivoire,1998,3,0,Cote d'Ivoire,CIV,1808.42289027986,16663948,13,1998,1990,8,0,0,0,0,0,0,0,0,0,0,0,0,0,1
Eritrea,1985,0,0,Eritrea,ERI,NA,1807816,14,1985,1995,-10,1,0,0,0,0,0,0,0,0,0,0,0,0,0
Eritrea,1986,0,0,Eritrea,ERI,NA,1845164,14,1986,1995,-9,0,1,0,0,0,0,0,0,0,0,0,0,0,0
Eritrea,1987,0,0,Eritrea,ERI,NA,1888669,14,1987,1995,-8,0,0,1,0,0,0,0,0,0,0,0,0,0,0
Eritrea,1988,0,0,Eritrea,ERI,NA,1938255,14,1988,1995,-7,0,0,0,1,0,0,0,0,0,0,0,0,0,0
Eritrea,1989,0,0,Eritrea,ERI,NA,1987017,14,1989,1995,-6,0,0,0,0,1,0,0,0,0,0,0,0,0,0
Eritrea,1990,0,0,Eritrea,ERI,NA,2032737,14,1990,1995,-5,0,0,0,0,0,1,0,0,0,0,0,0,0,0
Eritrea,1991,0,0,Eritrea,ERI,NA,1919571,14,1991,1995,-4,0,0,0,0,0,0,1,0,0,0,0,0,0,0
Eritrea,1992,0,0,Eritrea,ERI,642.072233527209,1798748,14,1992,1995,-3,0,0,0,0,0,0,0,1,0,0,0,0,0,0
Eritrea,1993,0,0,Eritrea,ERI,705.988405158037,1856006,14,1993,1995,-2,0,0,0,0,0,0,0,0,1,0,0,0,0,0
Eritrea,1994,1,0,Eritrea,ERI,829.915037227268,1913915,14,1994,1995,-1,0,0,0,0,0,0,0,0,0,1,0,0,0,0
Eritrea,1995,2,1,Eritrea,ERI,806.702995328956,2025267,14,1995,1995,0,0,0,0,0,0,0,0,0,0,0,1,0,0,0
Eritrea,1996,2,0,Eritrea,ERI,838.660572635214,2128464,14,1996,1995,1,0,0,0,0,0,0,0,0,0,0,0,1,0,0
Eritrea,1997,2,0,Eritrea,ERI,895.033773452053,2152135,14,1997,1995,2,0,0,0,0,0,0,0,0,0,0,0,0,1,0
Eritrea,1998,2,0,Eritrea,ERI,899.082974199102,2180419,14,1998,1995,3,0,0,0,0,0,0,0,0,0,0,0,0,0,1
Ethiopia,1985,0,0,Ethiopia,ETH,248.47060503182,39842136,15,1985,1994,-9,1,0,0,0,0,0,0,0,0,0,0,0,0,0
Ethiopia,1986,0,0,Ethiopia,ETH,264.539002422205,41037656,15,1986,1994,-8,0,1,0,0,0,0,0,0,0,0,0,0,0,0
Ethiopia,1987,0,0,Ethiopia,ETH,291.112259309145,42460039,15,1987,1994,-7,0,0,1,0,0,0,0,0,0,0,0,0,0,0
Ethiopia,1988,0,0,Ethiopia,ETH,281.374024417104,44150825,15,1988,1994,-6,0,0,0,1,0,0,0,0,0,0,0,0,0,0
Ethiopia,1989,0,0,Ethiopia,ETH,269.793522386618,45879690,15,1989,1994,-5,0,0,0,0,1,0,0,0,0,0,0,0,0,0
Ethiopia,1990,0,0,Ethiopia,ETH,267.078134508598,47609755,15,1990,1994,-4,0,0,0,0,0,1,0,0,0,0,0,0,0,0
Ethiopia,1991,1,0,Ethiopia,ETH,237.502454667904,49717198,15,1991,1994,-3,0,0,0,0,0,0,1,0,0,0,0,0,0,0
Ethiopia,1992,1,0,Ethiopia,ETH,207.967880879774,51853747,15,1992,1994,-2,0,0,0,0,0,0,0,1,0,0,0,0,0,0
Ethiopia,1993,1,0,Ethiopia,ETH,227.173295614208,53708891,15,1993,1994,-1,0,0,0,0,0,0,0,0,1,0,0,0,0,0
Ethiopia,1994,2,1,Ethiopia,ETH,226.399912642527,55611508,15,1994,1994,0,0,0,0,0,0,0,0,0,0,1,0,0,0,0
Ethiopia,1995,2,0,Ethiopia,ETH,232.230450633845,57537335,15,1995,1994,1,0,0,0,0,0,0,0,0,0,0,1,0,0,0
Ethiopia,1996,2,0,Ethiopia,ETH,252.612985005506,59467635,15,1996,1994,2,0,0,0,0,0,0,0,0,0,0,0,1,0,0
Ethiopia,1997,2,0,Ethiopia,ETH,252.311666681832,61404539,15,1997,1994,3,0,0,0,0,0,0,0,0,0,0,0,0,1,0
Ethiopia,1998,2,0,Ethiopia,ETH,236.05551452188,63363524,15,1998,1994,4,0,0,0,0,0,0,0,0,0,0,0,0,0,1
Gabon,1985,0,0,Gabon,GAB,9058.4995497615,856726,16,1985,1993,-8,1,0,0,0,0,0,0,0,0,0,0,0,0,0
Gabon,1986,0,0,Gabon,GAB,8741.05138607781,880705,16,1986,1993,-7,0,1,0,0,0,0,0,0,0,0,0,0,0,0
Gabon,1987,0,0,Gabon,GAB,7044.15674885946,905479,16,1987,1993,-6,0,0,1,0,0,0,0,0,0,0,0,0,0,0
Gabon,1988,0,0,Gabon,GAB,7730.9357484059,931020,16,1988,1993,-5,0,0,0,1,0,0,0,0,0,0,0,0,0,0
Gabon,1989,0,0,Gabon,GAB,8162.58240779554,957138,16,1989,1993,-4,0,0,0,0,1,0,0,0,0,0,0,0,0,0
Gabon,1990,1,0,Gabon,GAB,8354.26309000876,983734,16,1990,1993,-3,0,0,0,0,0,1,0,0,0,0,0,0,0,0
Gabon,1991,1,0,Gabon,GAB,8627.38985737905,1010818,16,1991,1993,-2,0,0,0,0,0,0,1,0,0,0,0,0,0,0
Gabon,1992,2,0,Gabon,GAB,8138.86821905371,1038380,16,1992,1993,-1,0,0,0,0,0,0,0,1,0,0,0,0,0,0
Gabon,1993,3,1,Gabon,GAB,8237.7433874389,1066405,16,1993,1993,0,0,0,0,0,0,0,0,0,1,0,0,0,0,0
Gabon,1994,3,0,Gabon,GAB,8322.61010843084,1094720,16,1994,1993,1,0,0,0,0,0,0,0,0,0,1,0,0,0,0
Gabon,1995,3,0,Gabon,GAB,8514.94009899596,1123213,16,1995,1993,2,0,0,0,0,0,0,0,0,0,0,1,0,0,0
Gabon,1996,3,0,Gabon,GAB,8603.00813400361,1152015,16,1996,1993,3,0,0,0,0,0,0,0,0,0,0,0,1,0,0
Gabon,1997,3,0,Gabon,GAB,8870.12550864019,1181439,16,1997,1993,4,0,0,0,0,0,0,0,0,0,0,0,0,1,0
Gabon,1998,3,0,Gabon,GAB,8949.1211008365,1211736,16,1998,1993,5,0,0,0,0,0,0,0,0,0,0,0,0,0,1
"Gambia, The",1985,4,0,"Gambia, The",GMB,662.008143550023,858874,17,1985,1996,-11,1,0,0,0,0,0,0,0,0,0,0,0,0,0
"Gambia, The",1986,4,0,"Gambia, The",GMB,662.002325492942,894019,17,1986,1996,-10,0,1,0,0,0,0,0,0,0,0,0,0,0,0
"Gambia, The",1987,4,0,"Gambia, The",GMB,651.245092357426,931091,17,1987,1996,-9,0,0,1,0,0,0,0,0,0,0,0,0,0,0
"Gambia, The",1988,4,0,"Gambia, The",GMB,653.000030965074,970160,17,1988,1996,-8,0,0,0,1,0,0,0,0,0,0,0,0,0,0
"Gambia, The",1989,4,0,"Gambia, The",GMB,663.331309889547,1011357,17,1989,1996,-7,0,0,0,0,1,0,0,0,0,0,0,0,0,0
"Gambia, The",1990,4,0,"Gambia, The",GMB,658.711165332156,1054696,17,1990,1996,-6,0,0,0,0,0,1,0,0,0,0,0,0,0,0
"Gambia, The",1991,4,0,"Gambia, The",GMB,651.229615381431,1099959,17,1991,1996,-5,0,0,0,0,0,0,1,0,0,0,0,0,0,0
"Gambia, The",1992,4,0,"Gambia, The",GMB,646.421031932611,1145582,17,1992,1996,-4,0,0,0,0,0,0,0,1,0,0,0,0,0,0
"Gambia, The",1993,4,0,"Gambia, The",GMB,641.918738488002,1188365,17,1993,1996,-3,0,0,0,0,0,0,0,0,1,0,0,0,0,0
"Gambia, The",1994,0,0,"Gambia, The",GMB,622.551318791124,1227226,17,1994,1996,-2,0,0,0,0,0,0,0,0,0,1,0,0,0,0
"Gambia, The",1995,1,0,"Gambia, The",GMB,609.618491441846,1264313,17,1995,1996,-1,0,0,0,0,0,0,0,0,0,0,1,0,0,0
"Gambia, The",1996,3,1,"Gambia, The",GMB,605.40992484126,1301410,17,1996,1996,0,0,0,0,0,0,0,0,0,0,0,0,1,0,0
"Gambia, The",1997,3,0,"Gambia, The",GMB,617.297597679527,1338889,17,1997,1996,1,0,0,0,0,0,0,0,0,0,0,0,0,1,0
"Gambia, The",1998,3,0,"Gambia, The",GMB,621.226058231623,1376987,17,1998,1996,2,0,0,0,0,0,0,0,0,0,0,0,0,0,1
Ghana,1985,0,0,Ghana,GHA,762.747783660855,13661229,18,1985,1996,-11,1,0,0,0,0,0,0,0,0,0,0,0,0,0
Ghana,1986,0,0,Ghana,GHA,784.937923659407,13965217,18,1986,1996,-10,0,1,0,0,0,0,0,0,0,0,0,0,0,0
Ghana,1987,0,0,Ghana,GHA,803.929610179043,14289108,18,1987,1996,-9,0,0,1,0,0,0,0,0,0,0,0,0,0,0
Ghana,1988,0,0,Ghana,GHA,829.017387585837,14636568,18,1988,1996,-8,0,0,0,1,0,0,0,0,0,0,0,0,0,0
Ghana,1989,0,0,Ghana,GHA,849.686579158456,15006813,18,1989,1996,-7,0,0,0,0,1,0,0,0,0,0,0,0,0,0
Ghana,1990,1,0,Ghana,GHA,855.85250708181,15394648,18,1990,1996,-6,0,0,0,0,0,1,0,0,0,0,0,0,0,0
Ghana,1991,2,0,Ghana,GHA,878.63570406594,15787496,18,1991,1996,-5,0,0,0,0,0,0,1,0,0,0,0,0,0,0
Ghana,1992,3,0,Ghana,GHA,890.313174799419,16184855,18,1992,1996,-4,0,0,0,0,0,0,0,1,0,0,0,0,0,0
Ghana,1993,3,0,Ghana,GHA,910.722897752222,16589519,18,1993,1996,-3,0,0,0,0,0,0,0,0,1,0,0,0,0,0
Ghana,1994,3,0,Ghana,GHA,918.428722656692,16993190,18,1994,1996,-2,0,0,0,0,0,0,0,0,0,1,0,0,0,0
Ghana,1995,3,0,Ghana,GHA,933.895311664356,17399017,18,1995,1996,-1,0,0,0,0,0,0,0,0,0,0,1,0,0,0
Ghana,1996,4,1,Ghana,GHA,954.325387944775,17810181,18,1996,1996,0,0,0,0,0,0,0,0,0,0,0,0,1,0,0
Ghana,1997,4,0,Ghana,GHA,970.995739362631,18238958,18,1997,1996,1,0,0,0,0,0,0,0,0,0,0,0,0,1,0
Ghana,1998,4,0,Ghana,GHA,992.20631798932,18688036,18,1998,1996,2,0,0,0,0,0,0,0,0,0,0,0,0,0,1
Guinea,1985,0,0,Guinea,GIN,511.885502734728,5610373,19,1985,1993,-8,1,0,0,0,0,0,0,0,0,0,0,0,0,0
Guinea,1986,0,0,Guinea,GIN,514.948827108147,5750668,19,1986,1993,-7,0,1,0,0,0,0,0,0,0,0,0,0,0,0
Guinea,1987,0,0,Guinea,GIN,518.460706253598,5900198,19,1987,1993,-6,0,0,1,0,0,0,0,0,0,0,0,0,0,0
Guinea,1988,1,0,Guinea,GIN,536.935142790771,6056574,19,1988,1993,-5,0,0,0,1,0,0,0,0,0,0,0,0,0,0
Guinea,1989,1,0,Guinea,GIN,544.125289836889,6215811,19,1989,1993,-4,0,0,0,0,1,0,0,0,0,0,0,0,0,0
Guinea,1990,1,0,Guinea,GIN,548.371534819426,6434374,19,1990,1993,-3,0,0,0,0,0,1,0,0,0,0,0,0,0,0
Guinea,1991,2,0,Guinea,GIN,540.622747465388,6697166,19,1991,1993,-2,0,0,0,0,0,0,1,0,0,0,0,0,0,0
Guinea,1992,2,0,Guinea,GIN,540.768238017649,6914366,19,1992,1993,-1,0,0,0,0,0,0,0,1,0,0,0,0,0,0
Guinea,1993,3,1,Guinea,GIN,551.006742654772,7128177,19,1993,1993,0,0,0,0,0,0,0,0,0,1,0,0,0,0,0
Guinea,1994,3,0,Guinea,GIN,555.962782286148,7345107,19,1994,1993,1,0,0,0,0,0,0,0,0,0,1,0,0,0,0
Guinea,1995,3,0,Guinea,GIN,565.553359749505,7553249,19,1995,1993,2,0,0,0,0,0,0,0,0,0,0,1,0,0,0
Guinea,1996,3,0,Guinea,GIN,574.302865750492,7770035,19,1996,1993,3,0,0,0,0,0,0,0,0,0,0,0,1,0,0
Guinea,1997,3,0,Guinea,GIN,591.77353015526,7931370,19,1997,1993,4,0,0,0,0,0,0,0,0,0,0,0,0,1,0
Guinea,1998,3,0,Guinea,GIN,601.907993085373,8081990,19,1998,1993,5,0,0,0,0,0,0,0,0,0,0,0,0,0,1
Guinea-Bissau,1985,0,0,Guinea-Bissau,GNB,513.578560199997,897697,20,1985,1994,-9,1,0,0,0,0,0,0,0,0,0,0,0,0,0
Guinea-Bissau,1986,0,0,Guinea-Bissau,GNB,501.441680283283,912126,20,1986,1994,-8,0,1,0,0,0,0,0,0,0,0,0,0,0,0
Guinea-Bissau,1987,0,0,Guinea-Bissau,GNB,507.779967171681,926862,20,1987,1994,-7,0,0,1,0,0,0,0,0,0,0,0,0,0,0
Guinea-Bissau,1988,0,0,Guinea-Bissau,GNB,522.568587226461,942061,20,1988,1994,-6,0,0,0,1,0,0,0,0,0,0,0,0,0,0
Guinea-Bissau,1989,0,0,Guinea-Bissau,GNB,545.340640363452,957789,20,1989,1994,-5,0,0,0,0,1,0,0,0,0,0,0,0,0,0
Guinea-Bissau,1990,0,0,Guinea-Bissau,GNB,569.169670374215,973669,20,1990,1994,-4,0,0,0,0,0,1,0,0,0,0,0,0,0,0
Guinea-Bissau,1991,1,0,Guinea-Bissau,GNB,585.58551396824,994639,20,1991,1994,-3,0,0,0,0,0,0,1,0,0,0,0,0,0,0
Guinea-Bissau,1992,2,0,Guinea-Bissau,GNB,574.852002556155,1024356,20,1992,1994,-2,0,0,0,0,0,0,0,1,0,0,0,0,0,0
Guinea-Bissau,1993,2,0,Guinea-Bissau,GNB,567.860072938098,1058745,20,1993,1994,-1,0,0,0,0,0,0,0,0,1,0,0,0,0,0
Guinea-Bissau,1994,4,1,Guinea-Bissau,GNB,568.168871993007,1092031,20,1994,1994,0,0,0,0,0,0,0,0,0,0,1,0,0,0,0
Guinea-Bissau,1995,4,0,Guinea-Bissau,GNB,578.381849917403,1119949,20,1995,1994,1,0,0,0,0,0,0,0,0,0,0,1,0,0,0
Guinea-Bissau,1996,4,0,Guinea-Bissau,GNB,632.160906920913,1143535,20,1996,1994,2,0,0,0,0,0,0,0,0,0,0,0,1,0,0
Guinea-Bissau,1997,4,0,Guinea-Bissau,GNB,660.537774707954,1165545,20,1997,1994,3,0,0,0,0,0,0,0,0,0,0,0,0,1,0
Guinea-Bissau,1998,4,0,Guinea-Bissau,GNB,502.81554020706,1187473,20,1998,1994,4,0,0,0,0,0,0,0,0,0,0,0,0,0,1
Kenya,1985,0,0,Kenya,KEN,1204.91932367736,19201768,21,1985,1992,-7,1,0,0,0,0,0,0,0,0,0,0,0,0,0
Kenya,1986,0,0,Kenya,KEN,1245.98851025394,19901646,21,1986,1992,-6,0,1,0,0,0,0,0,0,0,0,0,0,0,0
Kenya,1987,0,0,Kenya,KEN,1274.22087961614,20616096,21,1987,1992,-5,0,0,1,0,0,0,0,0,0,0,0,0,0,0
Kenya,1988,0,0,Kenya,KEN,1306.36433683504,21356219,21,1988,1992,-4,0,0,0,1,0,0,0,0,0,0,0,0,0,0
Kenya,1989,0,0,Kenya,KEN,1320.50774519897,22118434,21,1989,1992,-3,0,0,0,0,1,0,0,0,0,0,0,0,0,0
Kenya,1990,0,0,Kenya,KEN,1329.33312766232,22892651,21,1990,1992,-2,0,0,0,0,0,1,0,0,0,0,0,0,0,0
Kenya,1991,1,0,Kenya,KEN,1305.46415701447,23646514,21,1991,1992,-1,0,0,0,0,0,0,1,0,0,0,0,0,0,0
Kenya,1992,3,1,Kenya,KEN,1255.93870622359,24382460,21,1992,1992,0,0,0,0,0,0,0,0,1,0,0,0,0,0,0
Kenya,1993,3,0,Kenya,KEN,1223.50616725762,25117188,21,1993,1992,1,0,0,0,0,0,0,0,0,1,0,0,0,0,0
Kenya,1994,3,0,Kenya,KEN,1219.7841113305,25857130,21,1994,1992,2,0,0,0,0,0,0,0,0,0,1,0,0,0,0
Kenya,1995,3,0,Kenya,KEN,1237.88250467675,26601751,21,1995,1992,3,0,0,0,0,0,0,0,0,0,0,1,0,0,0
Kenya,1996,3,0,Kenya,KEN,1254.21025248674,27344211,21,1996,1992,4,0,0,0,0,0,0,0,0,0,0,0,1,0,0
Kenya,1997,3,0,Kenya,KEN,1226.19542113337,28101768,21,1997,1992,5,0,0,0,0,0,0,0,0,0,0,0,0,1,0
Kenya,1998,3,0,Kenya,KEN,1232.06658106635,28888057,21,1998,1992,6,0,0,0,0,0,0,0,0,0,0,0,0,0,1
Lesotho,1985,0,0,Lesotho,LSO,462.892172294155,1624379,22,1985,1993,-8,1,0,0,0,0,0,0,0,0,0,0,0,0,0
Lesotho,1986,0,0,Lesotho,LSO,472.432855957162,1666138,22,1986,1993,-7,0,1,0,0,0,0,0,0,0,0,0,0,0,0
Lesotho,1987,0,0,Lesotho,LSO,465.473147313833,1703390,22,1987,1993,-6,0,0,1,0,0,0,0,0,0,0,0,0,0,0
Lesotho,1988,0,0,Lesotho,LSO,494.921891483579,1739841,22,1988,1993,-5,0,0,0,1,0,0,0,0,0,0,0,0,0,0
Lesotho,1989,0,0,Lesotho,LSO,513.106302889949,1775436,22,1989,1993,-4,0,0,0,0,1,0,0,0,0,0,0,0,0,0
Lesotho,1990,1,0,Lesotho,LSO,533.824964193999,1809696,22,1990,1993,-3,0,0,0,0,0,1,0,0,0,0,0,0,0,0
Lesotho,1991,0,0,Lesotho,LSO,560.884905718596,1842379,22,1991,1993,-2,0,0,0,0,0,0,1,0,0,0,0,0,0,0
Lesotho,1992,1,0,Lesotho,LSO,590.008212092485,1873274,22,1992,1993,-1,0,0,0,0,0,0,0,1,0,0,0,0,0,0
Lesotho,1993,4,1,Lesotho,LSO,601.55791413154,1901793,22,1993,1993,0,0,0,0,0,0,0,0,0,1,0,0,0,0,0
Lesotho,1994,1,0,Lesotho,LSO,628.960051227201,1927707,22,1994,1993,1,0,0,0,0,0,0,0,0,0,1,0,0,0,0
Lesotho,1995,1,0,Lesotho,LSO,641.758711944969,1951437,22,1995,1993,2,0,0,0,0,0,0,0,0,0,0,1,0,0,0
Lesotho,1996,1,0,Lesotho,LSO,670.469581774155,1972418,22,1996,1993,3,0,0,0,0,0,0,0,0,0,0,0,1,0,0
Lesotho,1997,1,0,Lesotho,LSO,689.806218455005,1988130,22,1997,1993,4,0,0,0,0,0,0,0,0,0,0,0,0,1,0
Lesotho,1998,1,0,Lesotho,LSO,696.935973937753,1998049,22,1998,1993,5,0,0,0,0,0,0,0,0,0,0,0,0,0,1
Liberia,1985,0,0,Liberia,LBR,2185.92809767452,2240539,23,1985,1997,-12,1,0,0,0,0,0,0,0,0,0,0,0,0,0
Liberia,1986,0,0,Liberia,LBR,2085.95288219421,2308511,23,1986,1997,-11,0,1,0,0,0,0,0,0,0,0,0,0,0,0
Liberia,1987,0,0,Liberia,LBR,2005.365759545,2377229,23,1987,1997,-10,0,0,1,0,0,0,0,0,0,0,0,0,0,0
Liberia,1988,0,0,Liberia,LBR,1908.45304051582,2446941,23,1988,1997,-9,0,0,0,1,0,0,0,0,0,0,0,0,0,0
Liberia,1989,0,0,Liberia,LBR,1360.08049123405,2517858,23,1989,1997,-8,0,0,0,0,1,0,0,0,0,0,0,0,0,0
Liberia,1990,0,0,Liberia,LBR,754.134009462384,2223667,23,1990,1997,-7,0,0,0,0,0,1,0,0,0,0,0,0,0,0
Liberia,1991,0,0,Liberia,LBR,735.180658658157,1956518,23,1991,1997,-6,0,0,0,0,0,0,1,0,0,0,0,0,0,0
Liberia,1992,0,0,Liberia,LBR,450.538677691808,2072461,23,1992,1997,-5,0,0,0,0,0,0,0,1,0,0,0,0,0,0
Liberia,1993,0,0,Liberia,LBR,290.388920233659,2155126,23,1993,1997,-4,0,0,0,0,0,0,0,0,1,0,0,0,0,0
Liberia,1994,0,0,Liberia,LBR,227.742776021788,2149928,23,1994,1997,-3,0,0,0,0,0,0,0,0,0,1,0,0,0,0
Liberia,1995,0,0,Liberia,LBR,216.093554614513,2169162,23,1995,1997,-2,0,0,0,0,0,0,0,0,0,0,1,0,0,0
Liberia,1996,1,0,Liberia,LBR,235.435058248512,2232289,23,1996,1997,-1,0,0,0,0,0,0,0,0,0,0,0,1,0,0
Liberia,1997,4,1,Liberia,LBR,449.286058616964,2412989,23,1997,1997,0,0,0,0,0,0,0,0,0,0,0,0,0,1,0
Liberia,1998,4,0,Liberia,LBR,528.670341826706,2670124,23,1998,1997,1,0,0,0,0,0,0,0,0,0,0,0,0,0,1
Madagascar,1985,0,0,Madagascar,MDG,543.513684745557,10433142,24,1985,1993,-8,1,0,0,0,0,0,0,0,0,0,0,0,0,0
Madagascar,1986,0,0,Madagascar,MDG,538.491952606661,10736857,24,1986,1993,-7,0,1,0,0,0,0,0,0,0,0,0,0,0,0
Madagascar,1987,0,0,Madagascar,MDG,529.509105998087,11047291,24,1987,1993,-6,0,0,1,0,0,0,0,0,0,0,0,0,0,0
Madagascar,1988,0,0,Madagascar,MDG,532.03346958824,11369462,24,1988,1993,-5,0,0,0,1,0,0,0,0,0,0,0,0,0,0
Madagascar,1989,1,0,Madagascar,MDG,537.840431033529,11704998,24,1989,1993,-4,0,0,0,0,1,0,0,0,0,0,0,0,0,0
Madagascar,1990,2,0,Madagascar,MDG,538.536275056569,12055639,24,1990,1993,-3,0,0,0,0,0,1,0,0,0,0,0,0,0,0
Madagascar,1991,2,0,Madagascar,MDG,489.716098120013,12421412,24,1991,1993,-2,0,0,0,0,0,0,1,0,0,0,0,0,0,0
Madagascar,1992,2,0,Madagascar,MDG,480.810932444988,12800870,24,1992,1993,-1,0,0,0,0,0,0,0,1,0,0,0,0,0,0
Madagascar,1993,4,1,Madagascar,MDG,476.159733326381,13197345,24,1993,1993,0,0,0,0,0,0,0,0,0,1,0,0,0,0,0
Madagascar,1994,4,0,Madagascar,MDG,461.397665709464,13613850,24,1994,1993,1,0,0,0,0,0,0,0,0,0,1,0,0,0,0
Madagascar,1995,4,0,Madagascar,MDG,454.537946632781,14051275,24,1995,1993,2,0,0,0,0,0,0,0,0,0,0,1,0,0,0
Madagascar,1996,3,0,Madagascar,MDG,449.6280870806,14510711,24,1996,1993,3,0,0,0,0,0,0,0,0,0,0,0,1,0,0
Madagascar,1997,3,0,Madagascar,MDG,451.303199370831,14990814,24,1997,1993,4,0,0,0,0,0,0,0,0,0,0,0,0,1,0
Madagascar,1998,3,0,Madagascar,MDG,453.886174768872,15489364,24,1998,1993,5,0,0,0,0,0,0,0,0,0,0,0,0,0,1
Malawi,1985,0,0,Malawi,MWI,395.418720697156,7620508,25,1985,1994,-9,1,0,0,0,0,0,0,0,0,0,0,0,0,0
Malawi,1986,0,0,Malawi,MWI,380.298046902206,7906480,25,1986,1994,-8,0,1,0,0,0,0,0,0,0,0,0,0,0,0
Malawi,1987,0,0,Malawi,MWI,368.458072161033,8293174,25,1987,1994,-7,0,0,1,0,0,0,0,0,0,0,0,0,0,0
Malawi,1988,0,0,Malawi,MWI,360.182864554351,8753262,25,1988,1994,-6,0,0,0,1,0,0,0,0,0,0,0,0,0,0
Malawi,1989,0,0,Malawi,MWI,348.201112852441,9176220,25,1989,1994,-5,0,0,0,0,1,0,0,0,0,0,0,0,0,0
Malawi,1990,0,0,Malawi,MWI,353.771303717595,9545852,25,1990,1994,-4,0,0,0,0,0,1,0,0,0,0,0,0,0,0
Malawi,1991,0,0,Malawi,MWI,372.997561772469,9844227,25,1991,1994,-3,0,0,0,0,0,0,1,0,0,0,0,0,0,0
Malawi,1992,1,0,Malawi,MWI,335.726543539643,10135079,25,1992,1994,-2,0,0,0,0,0,0,0,1,0,0,0,0,0,0
Malawi,1993,2,0,Malawi,MWI,362.930995399017,10284024,25,1993,1994,-1,0,0,0,0,0,0,0,0,1,0,0,0,0,0
Malawi,1994,4,1,Malawi,MWI,329.584099900642,10164894,25,1994,1994,0,0,0,0,0,0,0,0,0,0,1,0,0,0,0
Malawi,1995,4,0,Malawi,MWI,385.279714072363,10150117,25,1995,1994,1,0,0,0,0,0,0,0,0,0,0,1,0,0,0
Malawi,1996,4,0,Malawi,MWI,405.397063690478,10352228,25,1996,1994,2,0,0,0,0,0,0,0,0,0,0,0,1,0,0
Malawi,1997,4,0,Malawi,MWI,412.4131068375,10562035,25,1997,1994,3,0,0,0,0,0,0,0,0,0,0,0,0,1,0
Malawi,1998,4,0,Malawi,MWI,419.313245170577,10792876,25,1998,1994,4,0,0,0,0,0,0,0,0,0,0,0,0,0,1
Mali,1985,0,0,Mali,MLI,603.792264356221,8374663,26,1985,1992,-7,1,0,0,0,0,0,0,0,0,0,0,0,0,0
Mali,1986,0,0,Mali,MLI,588.187728596193,8531277,26,1986,1992,-6,0,1,0,0,0,0,0,0,0,0,0,0,0,0
Mali,1987,0,0,Mali,MLI,573.572204280431,8681164,26,1987,1992,-5,0,0,1,0,0,0,0,0,0,0,0,0,0,0
Mali,1988,0,0,Mali,MLI,624.555381780193,8833996,26,1988,1992,-4,0,0,0,1,0,0,0,0,0,0,0,0,0,0
Mali,1989,0,0,Mali,MLI,635.07828701788,8999938,26,1989,1992,-3,0,0,0,0,1,0,0,0,0,0,0,0,0,0
Mali,1990,1,0,Mali,MLI,589.775405883669,9178830,26,1990,1992,-2,0,0,0,0,0,1,0,0,0,0,0,0,0,0
Mali,1991,2,0,Mali,MLI,651.363081549537,9362888,26,1991,1992,-1,0,0,0,0,0,0,1,0,0,0,0,0,0,0
Mali,1992,3,1,Mali,MLI,606.068363323528,9553540,26,1992,1992,0,0,0,0,0,0,0,0,1,0,0,0,0,0,0
Mali,1993,3,0,Mali,MLI,619.374429340424,9754786,26,1993,1992,1,0,0,0,0,0,0,0,0,1,0,0,0,0,0
Mali,1994,3,0,Mali,MLI,640.081008924462,9967031,26,1994,1992,2,0,0,0,0,0,0,0,0,0,1,0,0,0,0
Mali,1995,3,0,Mali,MLI,630.924447487992,10185365,26,1995,1992,3,0,0,0,0,0,0,0,0,0,0,1,0,0,0
Mali,1996,3,0,Mali,MLI,656.777675992751,10407278,26,1996,1992,4,0,0,0,0,0,0,0,0,0,0,0,1,0,0
Mali,1997,3,0,Mali,MLI,668.480326659359,10646495,26,1997,1992,5,0,0,0,0,0,0,0,0,0,0,0,0,1,0
Mali,1998,3,0,Mali,MLI,695.126372031158,10919573,26,1998,1992,6,0,0,0,0,0,0,0,0,0,0,0,0,0,1
Mauritania,1985,0,0,Mauritania,MRT,1461.93452033511,1702107,27,1985,1992,-7,1,0,0,0,0,0,0,0,0,0,0,0,0,0
Mauritania,1986,0,0,Mauritania,MRT,1501.59342458119,1751835,27,1986,1992,-6,0,1,0,0,0,0,0,0,0,0,0,0,0,0
Mauritania,1987,0,0,Mauritania,MRT,1486.69636323159,1803014,27,1987,1992,-5,0,0,1,0,0,0,0,0,0,0,0,0,0,0
Mauritania,1988,0,0,Mauritania,MRT,1469.21194739442,1855859,27,1988,1992,-4,0,0,0,1,0,0,0,0,0,0,0,0,0,0
Mauritania,1989,0,0,Mauritania,MRT,1501.23289513922,1903048,27,1989,1992,-3,0,0,0,0,1,0,0,0,0,0,0,0,0,0
Mauritania,1990,0,0,Mauritania,MRT,1437.75048235693,1951878,27,1990,1992,-2,0,0,0,0,0,1,0,0,0,0,0,0,0,0
Mauritania,1991,2,0,Mauritania,MRT,1421.32599916128,2009738,27,1991,1992,-1,0,0,0,0,0,0,1,0,0,0,0,0,0,0
Mauritania,1992,3,1,Mauritania,MRT,1393.6010549879,2088135,27,1992,1992,0,0,0,0,0,0,0,0,1,0,0,0,0,0,0
Mauritania,1993,3,0,Mauritania,MRT,1416.96725698321,2174328,27,1993,1992,1,0,0,0,0,0,0,0,0,1,0,0,0,0,0
Mauritania,1994,3,0,Mauritania,MRT,1327.72304115123,2249454,27,1994,1992,2,0,0,0,0,0,0,0,0,0,1,0,0,0,0
Mauritania,1995,3,0,Mauritania,MRT,1418.64664553675,2312017,27,1995,1992,3,0,0,0,0,0,0,0,0,0,0,1,0,0,0
Mauritania,1996,3,0,Mauritania,MRT,1471.80330919792,2358188,27,1996,1992,4,0,0,0,0,0,0,0,0,0,0,0,1,0,0
Mauritania,1997,3,0,Mauritania,MRT,1381.16274883447,2411306,27,1997,1992,5,0,0,0,0,0,0,0,0,0,0,0,0,1,0
Mauritania,1998,3,0,Mauritania,MRT,1383.19229722759,2474651,27,1998,1992,6,0,0,0,0,0,0,0,0,0,0,0,0,0,1
Mauritius,1985,4,0,Mauritius,MUS,2802.28538528837,1020528,28,1985,NA,NA,1,0,0,0,0,0,0,0,0,0,0,0,0,0
Mauritius,1986,4,0,Mauritius,MUS,3051.86356039395,1028360,28,1986,NA,NA,0,1,0,0,0,0,0,0,0,0,0,0,0,0
Mauritius,1987,4,0,Mauritius,MUS,3298.43785160942,1036082,28,1987,NA,NA,0,0,1,0,0,0,0,0,0,0,0,0,0,0
Mauritius,1988,4,0,Mauritius,MUS,3498.28093780872,1043239,28,1988,NA,NA,0,0,0,1,0,0,0,0,0,0,0,0,0,0
Mauritius,1989,4,0,Mauritius,MUS,3626.60106016032,1051260,28,1989,NA,NA,0,0,0,0,1,0,0,0,0,0,0,0,0,0
Mauritius,1990,4,0,Mauritius,MUS,3859.6444147337,1058775,28,1990,NA,NA,0,0,0,0,0,1,0,0,0,0,0,0,0,0
Mauritius,1991,4,0,Mauritius,MUS,3987.55945306988,1070266,28,1991,NA,NA,0,0,0,0,0,0,1,0,0,0,0,0,0,0
Mauritius,1992,4,0,Mauritius,MUS,4191.74021836504,1084441,28,1992,NA,NA,0,0,0,0,0,0,0,1,0,0,0,0,0,0
Mauritius,1993,4,0,Mauritius,MUS,4352.85511912038,1097374,28,1993,NA,NA,0,0,0,0,0,0,0,0,1,0,0,0,0,0
Mauritius,1994,4,0,Mauritius,MUS,4469.87416457643,1112846,28,1994,NA,NA,0,0,0,0,0,0,0,0,0,1,0,0,0,0
Mauritius,1995,4,0,Mauritius,MUS,4621.61639619164,1122457,28,1995,NA,NA,0,0,0,0,0,0,0,0,0,0,1,0,0,0
Mauritius,1996,4,0,Mauritius,MUS,4830.20993790498,1133996,28,1996,NA,NA,0,0,0,0,0,0,0,0,0,0,0,1,0,0
Mauritius,1997,4,0,Mauritius,MUS,5041.40686512359,1148284,28,1997,NA,NA,0,0,0,0,0,0,0,0,0,0,0,0,1,0
Mauritius,1998,4,0,Mauritius,MUS,5291.58766014963,1160421,28,1998,NA,NA,0,0,0,0,0,0,0,0,0,0,0,0,0,1
Mozambique,1985,0,0,Mozambique,MOZ,176.854086200431,12548949,29,1985,1994,-9,1,0,0,0,0,0,0,0,0,0,0,0,0,0
Mozambique,1986,0,0,Mozambique,MOZ,169.787799695594,12770578,29,1986,1994,-8,0,1,0,0,0,0,0,0,0,0,0,0,0,0
Mozambique,1987,0,0,Mozambique,MOZ,193.956902454941,12822574,29,1987,1994,-7,0,0,1,0,0,0,0,0,0,0,0,0,0,0
Mozambique,1988,0,0,Mozambique,MOZ,210.222304910608,12800558,29,1988,1994,-6,0,0,0,1,0,0,0,0,0,0,0,0,0,0
Mozambique,1989,0,0,Mozambique,MOZ,222.043123475899,12906842,29,1989,1994,-5,0,0,0,0,1,0,0,0,0,0,0,0,0,0
Mozambique,1990,0,0,Mozambique,MOZ,221.048981086396,13094537,29,1990,1994,-4,0,0,0,0,0,1,0,0,0,0,0,0,0,0
Mozambique,1991,0,0,Mozambique,MOZ,227.4627362365,13352090,29,1991,1994,-3,0,0,0,0,0,0,1,0,0,0,0,0,0,0
Mozambique,1992,2,0,Mozambique,MOZ,206.194607588583,13613316,29,1992,1994,-2,0,0,0,0,0,0,0,1,0,0,0,0,0,0
Mozambique,1993,2,0,Mozambique,MOZ,221.624579964898,14051192,29,1993,1994,-1,0,0,0,0,0,0,0,0,1,0,0,0,0,0
Mozambique,1994,4,1,Mozambique,MOZ,220.478583291331,15033853,29,1994,1994,0,0,0,0,0,0,0,0,0,0,1,0,0,0,0
Mozambique,1995,4,0,Mozambique,MOZ,212.086249862904,15960530,29,1995,1994,1,0,0,0,0,0,0,0,0,0,0,1,0,0,0
Mozambique,1996,4,0,Mozambique,MOZ,227.198486695187,16492480,29,1996,1994,2,0,0,0,0,0,0,0,0,0,0,0,1,0,0
Mozambique,1997,4,0,Mozambique,MOZ,247.184945629196,16949982,29,1997,1994,3,0,0,0,0,0,0,0,0,0,0,0,0,1,0
Mozambique,1998,4,0,Mozambique,MOZ,266.672705397492,17340464,29,1998,1994,4,0,0,0,0,0,0,0,0,0,0,0,0,0,1
Namibia,1985,0,0,Namibia,NAM,3137.53895430851,1096890,30,1985,1989,-4,1,0,0,0,0,0,0,0,0,0,0,0,0,0
Namibia,1986,0,0,Namibia,NAM,3187.74903180322,1131081,30,1986,1989,-3,0,1,0,0,0,0,0,0,0,0,0,0,0,0
Namibia,1987,0,0,Namibia,NAM,3196.99658679727,1167889,30,1987,1989,-2,0,0,1,0,0,0,0,0,0,0,0,0,0,0
Namibia,1988,1,0,Namibia,NAM,3111.60654486305,1209696,30,1988,1989,-1,0,0,0,1,0,0,0,0,0,0,0,0,0,0
Namibia,1989,4,1,Namibia,NAM,2974.56787424784,1288947,30,1989,1989,0,0,0,0,0,1,0,0,0,0,0,0,0,0,0
Namibia,1990,4,0,Namibia,NAM,2857.33777498196,1369303,30,1990,1989,1,0,0,0,0,0,1,0,0,0,0,0,0,0,0
Namibia,1991,4,0,Namibia,NAM,2989.40001637296,1415684,30,1991,1989,2,0,0,0,0,0,0,1,0,0,0,0,0,0,0
Namibia,1992,4,0,Namibia,NAM,3104.24536078011,1461322,30,1992,1989,3,0,0,0,0,0,0,0,1,0,0,0,0,0,0
Namibia,1993,4,0,Namibia,NAM,2959.27503800966,1508697,30,1993,1989,4,0,0,0,0,0,0,0,0,1,0,0,0,0,0
Namibia,1994,4,0,Namibia,NAM,2918.37740296161,1556304,30,1994,1989,5,0,0,0,0,0,0,0,0,0,1,0,0,0,0
Namibia,1995,4,0,Namibia,NAM,2945.36226956201,1602170,30,1995,1989,6,0,0,0,0,0,0,0,0,0,0,1,0,0,0
Namibia,1996,4,0,Namibia,NAM,2958.24060697383,1646103,30,1996,1989,7,0,0,0,0,0,0,0,0,0,0,0,1,0,0
Namibia,1997,4,0,Namibia,NAM,3004.30804359997,1689264,30,1997,1989,8,0,0,0,0,0,0,0,0,0,0,0,0,1,0
Namibia,1998,4,0,Namibia,NAM,3025.32668011049,1732745,30,1998,1989,9,0,0,0,0,0,0,0,0,0,0,0,0,0,1
Niger,1985,0,0,Niger,NER,478.48763243638,7118457,31,1985,1993,-8,1,0,0,0,0,0,0,0,0,0,0,0,0,0
Niger,1986,0,0,Niger,NER,493.804077148173,7335811,31,1986,1993,-7,0,1,0,0,0,0,0,0,0,0,0,0,0,0
Niger,1987,0,0,Niger,NER,479.510568113117,7561150,31,1987,1993,-6,0,0,1,0,0,0,0,0,0,0,0,0,0,0
Niger,1988,1,0,Niger,NER,497.164557867416,7793748,31,1988,1993,-5,0,0,0,1,0,0,0,0,0,0,0,0,0,0
Niger,1989,1,0,Niger,NER,486.865683851794,8034780,31,1989,1993,-4,0,0,0,0,1,0,0,0,0,0,0,0,0,0
Niger,1990,1,0,Niger,NER,465.923889536505,8286059,31,1990,1993,-3,0,0,0,0,0,1,0,0,0,0,0,0,0,0
Niger,1991,1,0,Niger,NER,449.719266854731,8546900,31,1991,1993,-2,0,0,0,0,0,0,1,0,0,0,0,0,0,0
Niger,1992,2,0,Niger,NER,444.632775312455,8817633,31,1992,1993,-1,0,0,0,0,0,0,0,1,0,0,0,0,0,0
Niger,1993,4,1,Niger,NER,432.184449587188,9100789,31,1993,1993,0,0,0,0,0,0,0,0,0,1,0,0,0,0,0
Niger,1994,4,0,Niger,NER,426.267506763664,9398258,31,1994,1993,1,0,0,0,0,0,0,0,0,0,1,0,0,0,0
Niger,1995,4,0,Niger,NER,422.523153898523,9714529,31,1995,1993,2,0,0,0,0,0,0,0,0,0,0,1,0,0,0
Niger,1996,3,0,Niger,NER,409.039358698404,10044852,31,1996,1993,3,0,0,0,0,0,0,0,0,0,0,0,1,0,0
Niger,1997,3,0,Niger,NER,401.724988110363,10383969,31,1997,1993,4,0,0,0,0,0,0,0,0,0,0,0,0,1,0
Niger,1998,3,0,Niger,NER,427.086030331896,10741413,31,1998,1993,5,0,0,0,0,0,0,0,0,0,0,0,0,0,1
Nigeria,1985,0,0,Nigeria,NGA,1428.92742820366,84897973,32,1985,1989,-4,1,0,0,0,0,0,0,0,0,0,0,0,0,0
Nigeria,1986,0,0,Nigeria,NGA,1391.47877234542,87235953,32,1986,1989,-3,0,1,0,0,0,0,0,0,0,0,0,0,0,0
Nigeria,1987,0,0,Nigeria,NGA,1398.24883298999,89591716,32,1987,1989,-2,0,0,1,0,0,0,0,0,0,0,0,0,0,0
Nigeria,1988,0,0,Nigeria,NGA,1461.19132231299,92020090,32,1988,1989,-1,0,0,0,1,0,0,0,0,0,0,0,0,0,0
Nigeria,1989,2,1,Nigeria,NGA,1449.68017647113,94531014,32,1989,1989,0,0,0,0,0,1,0,0,0,0,0,0,0,0,0
Nigeria,1990,2,0,Nigeria,NGA,1577.19616627741,97120925,32,1990,1989,1,0,0,0,0,0,1,0,0,0,0,0,0,0,0
Nigeria,1991,2,0,Nigeria,NGA,1541.59066261036,99720162,32,1991,1989,2,0,0,0,0,0,0,1,0,0,0,0,0,0,0
Nigeria,1992,2,0,Nigeria,NGA,1571.1902261783,102372770,32,1992,1989,3,0,0,0,0,0,0,0,1,0,0,0,0,0,0
Nigeria,1993,0,0,Nigeria,NGA,1498.95895037787,105122069,32,1993,1989,4,0,0,0,0,0,0,0,0,1,0,0,0,0,0
Nigeria,1994,0,0,Nigeria,NGA,1433.3886109229,107935714,32,1994,1989,5,0,0,0,0,0,0,0,0,0,1,0,0,0,0
Nigeria,1995,1,0,Nigeria,NGA,1395.07488456856,110819428,32,1995,1989,6,0,0,0,0,0,0,0,0,0,0,1,0,0,0
Nigeria,1996,2,0,Nigeria,NGA,1416.10189471212,113754779,32,1996,1989,7,0,0,0,0,0,0,0,0,0,0,0,1,0,0
Nigeria,1997,2,0,Nigeria,NGA,1420.23877961207,116754792,32,1997,1989,8,0,0,0,0,0,0,0,0,0,0,0,0,1,0
Nigeria,1998,2,0,Nigeria,NGA,1419.31770917955,119846254,32,1998,1989,9,0,0,0,0,0,0,0,0,0,0,0,0,0,1
Rwanda,1985,0,0,Rwanda,RWA,399.872395547056,6317228,33,1985,1993,-8,1,0,0,0,0,0,0,0,0,0,0,0,0,0
Rwanda,1986,0,0,Rwanda,RWA,407.894133857227,6531881,33,1986,1993,-7,0,1,0,0,0,0,0,0,0,0,0,0,0,0
Rwanda,1987,0,0,Rwanda,RWA,394.648241738036,6749493,33,1987,1993,-6,0,0,1,0,0,0,0,0,0,0,0,0,0,0
Rwanda,1988,0,0,Rwanda,RWA,399.466315173061,6968071,33,1988,1993,-5,0,0,0,1,0,0,0,0,0,0,0,0,0,0
Rwanda,1989,0,0,Rwanda,RWA,387.279968201329,7184706,33,1989,1993,-4,0,0,0,0,1,0,0,0,0,0,0,0,0,0
Rwanda,1990,0,0,Rwanda,RWA,368.219602425258,7375307,33,1990,1993,-3,0,0,0,0,0,1,0,0,0,0,0,0,0,0
Rwanda,1991,0,0,Rwanda,RWA,351.728542825213,7526966,33,1991,1993,-2,0,0,0,0,0,0,1,0,0,0,0,0,0,0
Rwanda,1992,1,0,Rwanda,RWA,364.8092069198,7683266,33,1992,1993,-1,0,0,0,0,0,0,0,1,0,0,0,0,0,0
Rwanda,1993,2,1,Rwanda,RWA,322.716818710568,7981132,33,1993,1993,0,0,0,0,0,0,0,0,0,1,0,0,0,0,0
Rwanda,1994,0,0,Rwanda,RWA,188.658278473302,6792352,33,1994,1993,1,0,0,0,0,0,0,0,0,0,1,0,0,0,0
Rwanda,1995,0,0,Rwanda,RWA,305.387824462464,5674118,33,1995,1993,2,0,0,0,0,0,0,0,0,0,0,1,0,0,0
Rwanda,1996,0,0,Rwanda,RWA,291.210840482528,6708764,33,1996,1993,3,0,0,0,0,0,0,0,0,0,0,0,1,0,0
Rwanda,1997,0,0,Rwanda,RWA,286.805194458463,7755238,33,1997,1993,4,0,0,0,0,0,0,0,0,0,0,0,0,1,0
Rwanda,1998,0,0,Rwanda,RWA,299.601139695983,8081681,33,1998,1993,5,0,0,0,0,0,0,0,0,0,0,0,0,0,1
Sao Tome and Principe,1985,0,0,Sao Tome and Principe,STP,1163.80724250137,108658,34,1985,1991,-6,1,0,0,0,0,0,0,0,0,0,0,0,0,0
Sao Tome and Principe,1986,0,0,Sao Tome and Principe,STP,1071.36164381493,111150,34,1986,1991,-5,0,1,0,0,0,0,0,0,0,0,0,0,0,0
Sao Tome and Principe,1987,0,0,Sao Tome and Principe,STP,1014.69125831664,113919,34,1987,1991,-4,0,0,1,0,0,0,0,0,0,0,0,0,0,0
Sao Tome and Principe,1988,0,0,Sao Tome and Principe,STP,1008.24359402711,116939,34,1988,1991,-3,0,0,0,1,0,0,0,0,0,0,0,0,0,0
Sao Tome and Principe,1989,1,0,Sao Tome and Principe,STP,1013.50760361265,119979,34,1989,1991,-2,0,0,0,0,1,0,0,0,0,0,0,0,0,0
Sao Tome and Principe,1990,2,0,Sao Tome and Principe,STP,967.490807502814,122980,34,1990,1991,-1,0,0,0,0,0,1,0,0,0,0,0,0,0,0
Sao Tome and Principe,1991,4,1,Sao Tome and Principe,STP,957.946483063679,125697,34,1991,1991,0,0,0,0,0,0,0,1,0,0,0,0,0,0,0
Sao Tome and Principe,1992,4,0,Sao Tome and Principe,STP,946.482495103288,128110,34,1992,1991,1,0,0,0,0,0,0,0,1,0,0,0,0,0,0
Sao Tome and Principe,1993,4,0,Sao Tome and Principe,STP,939.606669438019,130467,34,1993,1991,2,0,0,0,0,0,0,0,0,1,0,0,0,0,0
Sao Tome and Principe,1994,4,0,Sao Tome and Principe,STP,943.891404294867,132732,34,1994,1991,3,0,0,0,0,0,0,0,0,0,1,0,0,0,0
Sao Tome and Principe,1995,2,0,Sao Tome and Principe,STP,947.331538535199,134895,34,1995,1991,4,0,0,0,0,0,0,0,0,0,0,1,0,0,0
Sao Tome and Principe,1996,3,0,Sao Tome and Principe,STP,947.030151309961,136962,34,1996,1991,5,0,0,0,0,0,0,0,0,0,0,0,1,0,0
Sao Tome and Principe,1997,3,0,Sao Tome and Principe,STP,942.971185295678,138922,34,1997,1991,6,0,0,0,0,0,0,0,0,0,0,0,0,1,0
Sao Tome and Principe,1998,3,0,Sao Tome and Principe,STP,953.9855008639,140751,34,1998,1991,7,0,0,0,0,0,0,0,0,0,0,0,0,0,1
Senegal,1985,4,0,Senegal,SEN,1020.46425733551,6683287,35,1985,NA,NA,1,0,0,0,0,0,0,0,0,0,0,0,0,0
Senegal,1986,4,0,Senegal,SEN,1022.55326037551,6878192,35,1986,NA,NA,0,1,0,0,0,0,0,0,0,0,0,0,0,0
Senegal,1987,4,0,Senegal,SEN,1055.32454152497,7081530,35,1987,NA,NA,0,0,1,0,0,0,0,0,0,0,0,0,0,0
Senegal,1988,4,0,Senegal,SEN,1016.8279275159,7289618,35,1988,NA,NA,0,0,0,1,0,0,0,0,0,0,0,0,0,0
Senegal,1989,4,0,Senegal,SEN,1027.27575950199,7502207,35,1989,NA,NA,0,0,0,0,1,0,0,0,0,0,0,0,0,0
Senegal,1990,4,0,Senegal,SEN,990.777522619822,7720523,35,1990,NA,NA,0,0,0,0,0,1,0,0,0,0,0,0,0,0
Senegal,1991,4,0,Senegal,SEN,988.63221583773,7943085,35,1991,NA,NA,0,0,0,0,0,0,1,0,0,0,0,0,0,0
Senegal,1992,4,0,Senegal,SEN,974.054860027128,8168395,35,1992,NA,NA,0,0,0,0,0,0,0,1,0,0,0,0,0,0
Senegal,1993,4,0,Senegal,SEN,960.506561720788,8396288,35,1993,NA,NA,0,0,0,0,0,0,0,0,1,0,0,0,0,0
Senegal,1994,4,0,Senegal,SEN,934.692068072302,8624078,35,1994,NA,NA,0,0,0,0,0,0,0,0,0,1,0,0,0,0
Senegal,1995,4,0,Senegal,SEN,960.84709282163,8848101,35,1995,NA,NA,0,0,0,0,0,0,0,0,0,0,1,0,0,0
Senegal,1996,4,0,Senegal,SEN,956.588791201654,9067014,35,1996,NA,NA,0,0,0,0,0,0,0,0,0,0,0,1,0,0
Senegal,1997,4,0,Senegal,SEN,962.736689457399,9283495,35,1997,NA,NA,0,0,0,0,0,0,0,0,0,0,0,0,1,0
Senegal,1998,4,0,Senegal,SEN,995.979085689636,9502952,35,1998,NA,NA,0,0,0,0,0,0,0,0,0,0,0,0,0,1
Seychelles,1985,0,0,Seychelles,SYC,7091.31069778707,65244,36,1985,1993,-8,1,0,0,0,0,0,0,0,0,0,0,0,0,0
Seychelles,1986,0,0,Seychelles,SYC,7100.93735358387,65652,36,1986,1993,-7,0,1,0,0,0,0,0,0,0,0,0,0,0,0
Seychelles,1987,0,0,Seychelles,SYC,7137.55603586632,68499,36,1987,1993,-6,0,0,1,0,0,0,0,0,0,0,0,0,0,0
Seychelles,1988,0,0,Seychelles,SYC,7489.74029923645,68755,36,1988,1993,-5,0,0,0,1,0,0,0,0,0,0,0,0,0,0
Seychelles,1989,0,0,Seychelles,SYC,8210.90696953337,69167,36,1989,1993,-4,0,0,0,0,1,0,0,0,0,0,0,0,0,0
Seychelles,1990,0,0,Seychelles,SYC,8779.85231337378,69507,36,1990,1993,-3,0,0,0,0,0,1,0,0,0,0,0,0,0,0
Seychelles,1991,1,0,Seychelles,SYC,8902.83798776266,70439,36,1991,1993,-2,0,0,0,0,0,0,1,0,0,0,0,0,0,0
Seychelles,1992,2,0,Seychelles,SYC,9497.7554107084,70763,36,1992,1993,-1,0,0,0,0,0,0,0,1,0,0,0,0,0,0
Seychelles,1993,4,1,Seychelles,SYC,9981.2446035158,72253,36,1993,1993,0,0,0,0,0,0,0,0,0,1,0,0,0,0,0
Seychelles,1994,4,0,Seychelles,SYC,9481.8805265777,74205,36,1994,1993,1,0,0,0,0,0,0,0,0,0,1,0,0,0,0
Seychelles,1995,4,0,Seychelles,SYC,9388.81967720743,75304,36,1995,1993,2,0,0,0,0,0,0,0,0,0,0,1,0,0,0
Seychelles,1996,4,0,Seychelles,SYC,10177.0904671696,76417,36,1996,1993,3,0,0,0,0,0,0,0,0,0,0,0,1,0,0
Seychelles,1997,4,0,Seychelles,SYC,11284.8459766598,77319,36,1997,1993,4,0,0,0,0,0,0,0,0,0,0,0,0,1,0
Seychelles,1998,4,0,Seychelles,SYC,11339.3481297046,78846,36,1998,1993,5,0,0,0,0,0,0,0,0,0,0,0,0,0,1
Sierra Leone,1985,0,0,Sierra Leone,SLE,1089.92411667933,3638438,37,1985,1996,-11,1,0,0,0,0,0,0,0,0,0,0,0,0,0
Sierra Leone,1986,0,0,Sierra Leone,SLE,1076.77818848429,3728380,37,1986,1996,-10,0,1,0,0,0,0,0,0,0,0,0,0,0,0
Sierra Leone,1987,0,0,Sierra Leone,SLE,1124.08995764348,3829718,37,1987,1996,-9,0,0,1,0,0,0,0,0,0,0,0,0,0,0
Sierra Leone,1988,0,0,Sierra Leone,SLE,1016.68318068952,3934517,37,1988,1996,-8,0,0,0,1,0,0,0,0,0,0,0,0,0,0
Sierra Leone,1989,0,0,Sierra Leone,SLE,998.840220254123,4034037,37,1989,1996,-7,0,0,0,0,1,0,0,0,0,0,0,0,0,0
Sierra Leone,1990,1,0,Sierra Leone,SLE,992.259351903398,4196828,37,1990,1996,-6,0,0,0,0,0,1,0,0,0,0,0,0,0,0
Sierra Leone,1991,2,0,Sierra Leone,SLE,1003.7723819105599,4246267,37,1991,1996,-5,0,0,0,0,0,0,1,0,0,0,0,0,0,0
Sierra Leone,1992,0,0,Sierra Leone,SLE,828.516034463031,4166366,37,1992,1996,-4,0,0,0,0,0,0,0,1,0,0,0,0,0,0
Sierra Leone,1993,0,0,Sierra Leone,SLE,841.770438078312,4157130,37,1993,1996,-3,0,0,0,0,0,0,0,0,1,0,0,0,0,0
Sierra Leone,1994,0,0,Sierra Leone,SLE,822.218309819245,4173105,37,1994,1996,-2,0,0,0,0,0,0,0,0,0,1,0,0,0,0
Sierra Leone,1995,1,0,Sierra Leone,SLE,755.343467472038,4179179,37,1995,1996,-1,0,0,0,0,0,0,0,0,0,0,1,0,0,0
Sierra Leone,1996,3,1,Sierra Leone,SLE,764.924518087367,4199210,37,1996,1996,0,0,0,0,0,0,0,0,0,0,0,0,1,0,0
Sierra Leone,1997,0,0,Sierra Leone,SLE,710.743788352538,4253716,37,1997,1996,1,0,0,0,0,0,0,0,0,0,0,0,0,1,0
Sierra Leone,1998,3,0,Sierra Leone,SLE,716.346032939256,4295785,37,1998,1996,2,0,0,0,0,0,0,0,0,0,0,0,0,0,1
Somalia,1985,0,0,Somalia,NA,NA,NA,38,1985,NA,NA,1,0,0,0,0,0,0,0,0,0,0,0,0,0
Somalia,1986,0,0,Somalia,NA,NA,NA,38,1986,NA,NA,0,1,0,0,0,0,0,0,0,0,0,0,0,0
Somalia,1987,0,0,Somalia,NA,NA,NA,38,1987,NA,NA,0,0,1,0,0,0,0,0,0,0,0,0,0,0
Somalia,1988,0,0,Somalia,NA,NA,NA,38,1988,NA,NA,0,0,0,1,0,0,0,0,0,0,0,0,0,0
Somalia,1989,0,0,Somalia,NA,NA,NA,38,1989,NA,NA,0,0,0,0,1,0,0,0,0,0,0,0,0,0
Somalia,1990,0,0,Somalia,NA,NA,NA,38,1990,NA,NA,0,0,0,0,0,1,0,0,0,0,0,0,0,0
Somalia,1991,0,0,Somalia,NA,NA,NA,38,1991,NA,NA,0,0,0,0,0,0,1,0,0,0,0,0,0,0
Somalia,1992,0,0,Somalia,NA,NA,NA,38,1992,NA,NA,0,0,0,0,0,0,0,1,0,0,0,0,0,0
Somalia,1993,0,0,Somalia,NA,NA,NA,38,1993,NA,NA,0,0,0,0,0,0,0,0,1,0,0,0,0,0
Somalia,1994,0,0,Somalia,NA,NA,NA,38,1994,NA,NA,0,0,0,0,0,0,0,0,0,1,0,0,0,0
Somalia,1995,0,0,Somalia,NA,NA,NA,38,1995,NA,NA,0,0,0,0,0,0,0,0,0,0,1,0,0,0
Somalia,1996,0,0,Somalia,NA,NA,NA,38,1996,NA,NA,0,0,0,0,0,0,0,0,0,0,0,1,0,0
Somalia,1997,0,0,Somalia,NA,NA,NA,38,1997,NA,NA,0,0,0,0,0,0,0,0,0,0,0,0,1,0
Somalia,1998,0,0,Somalia,NA,NA,NA,38,1998,NA,NA,0,0,0,0,0,0,0,0,0,0,0,0,0,1
South Africa,1985,0,0,South Africa,ZAF,4865.05694085787,35042093,39,1985,1994,-9,1,0,0,0,0,0,0,0,0,0,0,0,0,0
South Africa,1986,0,0,South Africa,ZAF,4712.81869464239,36180515,39,1986,1994,-8,0,1,0,0,0,0,0,0,0,0,0,0,0,0
South Africa,1987,0,0,South Africa,ZAF,4664.13011613961,37326190,39,1987,1994,-7,0,0,1,0,0,0,0,0,0,0,0,0,0,0
South Africa,1988,0,0,South Africa,ZAF,4714.22284174624,38480649,39,1988,1994,-6,0,0,0,1,0,0,0,0,0,0,0,0,0,0
South Africa,1989,0,0,South Africa,ZAF,4687.291051902,39628575,39,1989,1994,-5,0,0,0,0,1,0,0,0,0,0,0,0,0,0
South Africa,1990,1,0,South Africa,ZAF,4544.23023212165,40746268,39,1990,1994,-4,0,0,0,0,0,1,0,0,0,0,0,0,0,0
South Africa,1991,2,0,South Africa,ZAF,4396.36069450543,41687898,39,1991,1994,-3,0,0,0,0,0,0,1,0,0,0,0,0,0,0
South Africa,1992,2,0,South Africa,ZAF,4225.814328485,42443509,39,1992,1994,-2,0,0,0,0,0,0,0,1,0,0,0,0,0,0
South Africa,1993,2,0,South Africa,ZAF,4193.59826135345,43297156,39,1993,1994,-1,0,0,0,0,0,0,0,0,1,0,0,0,0,0
South Africa,1994,4,1,South Africa,ZAF,4258.26184733408,44004139,39,1994,1994,0,0,0,0,0,0,0,0,0,0,1,0,0,0,0
South Africa,1995,4,0,South Africa,ZAF,4337.29729686998,44541554,39,1995,1994,1,0,0,0,0,0,0,0,0,0,0,1,0,0,0
South Africa,1996,4,0,South Africa,ZAF,4465.50649854807,45123018,39,1996,1994,2,0,0,0,0,0,0,0,0,0,0,0,1,0,0
South Africa,1997,4,0,South Africa,ZAF,4527.04992403877,45666838,39,1997,1994,3,0,0,0,0,0,0,0,0,0,0,0,0,1,0
South Africa,1998,4,0,South Africa,ZAF,4494.85711232358,46223880,39,1998,1994,4,0,0,0,0,0,0,0,0,0,0,0,0,0,1
Sudan,1985,0,0,Sudan,SDN,669.103332519531,19905872,40,1985,NA,NA,1,0,0,0,0,0,0,0,0,0,0,0,0,0
Sudan,1986,0,0,Sudan,SDN,692.196655273438,20288238,40,1986,NA,NA,0,1,0,0,0,0,0,0,0,0,0,0,0,0
Sudan,1987,0,0,Sudan,SDN,776.530822753906,20704904,40,1987,NA,NA,0,0,1,0,0,0,0,0,0,0,0,0,0,0
Sudan,1988,0,0,Sudan,SDN,764.454162597656,21138431,40,1988,NA,NA,0,0,0,1,0,0,0,0,0,0,0,0,0,0
Sudan,1989,0,0,Sudan,SDN,823.076843261719,21578022,40,1989,NA,NA,0,0,0,0,1,0,0,0,0,0,0,0,0,0
Sudan,1990,0,0,Sudan,SDN,764.450439453125,22021481,40,1990,NA,NA,0,0,0,0,0,1,0,0,0,0,0,0,0,0
Sudan,1991,0,0,Sudan,SDN,805.367309570313,22470676,40,1991,NA,NA,0,0,0,0,0,0,1,0,0,0,0,0,0,0
Sudan,1992,0,0,Sudan,SDN,842.008605957031,22927355,40,1992,NA,NA,0,0,0,0,0,0,0,1,0,0,0,0,0,0
Sudan,1993,0,0,Sudan,SDN,862.978149414063,23445592,40,1993,NA,NA,0,0,0,0,0,0,0,0,1,0,0,0,0,0
Sudan,1994,0,0,Sudan,SDN,850.299438476563,24043948,40,1994,NA,NA,0,0,0,0,0,0,0,0,0,1,0,0,0,0
Sudan,1995,0,0,Sudan,SDN,877.693298339844,24672143,40,1995,NA,NA,0,0,0,0,0,0,0,0,0,0,1,0,0,0
Sudan,1996,0,0,Sudan,SDN,908.66015625,25231528,40,1996,NA,NA,0,0,0,0,0,0,0,0,0,0,0,1,0,0
Sudan,1997,0,0,Sudan,SDN,1050.31994628906,25799821,40,1997,NA,NA,0,0,0,0,0,0,0,0,0,0,0,0,1,0
Sudan,1998,0,0,Sudan,SDN,1069.27197265625,26458999,40,1998,NA,NA,0,0,0,0,0,0,0,0,0,0,0,0,0,1
Swaziland,1985,0,0,Eswatini,SWZ,1337.19295932987,706196,41,1985,NA,NA,1,0,0,0,0,0,0,0,0,0,0,0,0,0
Swaziland,1986,0,0,Eswatini,SWZ,1442.88839640842,734732,41,1986,NA,NA,0,1,0,0,0,0,0,0,0,0,0,0,0,0
Swaziland,1987,0,0,Eswatini,SWZ,1590.689371117,763811,41,1987,NA,NA,0,0,1,0,0,0,0,0,0,0,0,0,0,0
Swaziland,1988,0,0,Eswatini,SWZ,1618.91934480167,799798,41,1988,NA,NA,0,0,0,1,0,0,0,0,0,0,0,0,0,0
Swaziland,1989,0,0,Eswatini,SWZ,1745.0256877423,837800,41,1989,NA,NA,0,0,0,0,1,0,0,0,0,0,0,0,0,0
Swaziland,1990,0,0,Eswatini,SWZ,2027.97481893357,872428,41,1990,NA,NA,0,0,0,0,0,1,0,0,0,0,0,0,0,0
Swaziland,1991,0,0,Eswatini,SWZ,1982.41521465314,908189,41,1991,NA,NA,0,0,0,0,0,0,1,0,0,0,0,0,0,0
Swaziland,1992,0,0,Eswatini,SWZ,1969.96082543683,943416,41,1992,NA,NA,0,0,0,0,0,0,0,1,0,0,0,0,0,0
Swaziland,1993,0,0,Eswatini,SWZ,1972.80340757512,971318,41,1993,NA,NA,0,0,0,0,0,0,0,0,1,0,0,0,0,0
Swaziland,1994,0,0,Eswatini,SWZ,2020.384816101,971212,41,1994,NA,NA,0,0,0,0,0,0,0,0,0,1,0,0,0,0
Swaziland,1995,0,0,Eswatini,SWZ,2119.58163577162,970433,41,1995,NA,NA,0,0,0,0,0,0,0,0,0,0,1,0,0,0
Swaziland,1996,0,0,Eswatini,SWZ,2157.86134470358,989841,41,1996,NA,NA,0,0,0,0,0,0,0,0,0,0,0,1,0,0
Swaziland,1997,0,0,Eswatini,SWZ,2187.6982967057,1006635,41,1997,NA,NA,0,0,0,0,0,0,0,0,0,0,0,0,1,0
Swaziland,1998,0,0,Eswatini,SWZ,2216.00896601996,1019653,41,1998,NA,NA,0,0,0,0,0,0,0,0,0,0,0,0,0,1
Tanzania,1985,0,0,Tanzania,TZA,476.979888916016,22501693,42,1985,1995,-10,1,0,0,0,0,0,0,0,0,0,0,0,0,0
Tanzania,1986,0,0,Tanzania,TZA,486.831359863281,23258959,42,1986,1995,-9,0,1,0,0,0,0,0,0,0,0,0,0,0,0
Tanzania,1987,0,0,Tanzania,TZA,493.825897216797,24030378,42,1987,1995,-8,0,0,1,0,0,0,0,0,0,0,0,0,0,0
Tanzania,1988,0,0,Tanzania,TZA,513.868591308594,24769686,42,1988,1995,-7,0,0,0,1,0,0,0,0,0,0,0,0,0,0
Tanzania,1989,0,0,Tanzania,TZA,519.22265625,25438759,42,1989,1995,-6,0,0,0,0,1,0,0,0,0,0,0,0,0,0
Tanzania,1990,0,0,Tanzania,TZA,541.544799804688,26110207,42,1990,1995,-5,0,0,0,0,0,1,0,0,0,0,0,0,0,0
Tanzania,1991,1,0,Tanzania,TZA,538.966979980469,26780436,42,1991,1995,-4,0,0,0,0,0,0,1,0,0,0,0,0,0,0
Tanzania,1992,2,0,Tanzania,TZA,528.781555175781,27457588,42,1992,1995,-3,0,0,0,0,0,0,0,1,0,0,0,0,0,0
Tanzania,1993,2,0,Tanzania,TZA,518.66259765625,28332692,42,1993,1995,-2,0,0,0,0,0,0,0,0,1,0,0,0,0,0
Tanzania,1994,2,0,Tanzania,TZA,506.972503662109,29442356,42,1994,1995,-1,0,0,0,0,0,0,0,0,0,1,0,0,0,0
Tanzania,1995,3,1,Tanzania,TZA,508.840423583984,30383497,42,1995,1995,0,0,0,0,0,0,0,0,0,0,0,1,0,0,0
Tanzania,1996,3,0,Tanzania,TZA,522.333251953125,30945762,42,1996,1995,1,0,0,0,0,0,0,0,0,0,0,0,1,0,0
Tanzania,1997,3,0,Tanzania,TZA,529.954223632813,31578089,42,1997,1995,2,0,0,0,0,0,0,0,0,0,0,0,0,1,0
Tanzania,1998,3,0,Tanzania,TZA,535.363159179688,32420458,42,1998,1995,3,0,0,0,0,0,0,0,0,0,0,0,0,0,1
Togo,1985,0,0,Togo,TGO,723.385321562685,3441091,43,1985,1993,-8,1,0,0,0,0,0,0,0,0,0,0,0,0,0
Togo,1986,0,0,Togo,TGO,712.728508104382,3547952,43,1986,1993,-7,0,1,0,0,0,0,0,0,0,0,0,0,0,0
Togo,1987,0,0,Togo,TGO,694.906789602319,3657508,43,1987,1993,-6,0,0,1,0,0,0,0,0,0,0,0,0,0,0
Togo,1988,0,0,Togo,TGO,719.001834924917,3769742,43,1988,1993,-5,0,0,0,1,0,0,0,0,0,0,0,0,0,0
Togo,1989,1,0,Togo,TGO,726.293542036147,3883411,43,1989,1993,-4,0,0,0,0,1,0,0,0,0,0,0,0,0,0
Togo,1990,1,0,Togo,TGO,703.623952029279,3998761,43,1990,1993,-3,0,0,0,0,0,1,0,0,0,0,0,0,0,0
Togo,1991,1,0,Togo,TGO,678.86984140241,4115560,43,1991,1993,-2,0,0,0,0,0,0,1,0,0,0,0,0,0,0
Togo,1992,2,0,Togo,TGO,633.669030222095,4233617,43,1992,1993,-1,0,0,0,0,0,0,0,1,0,0,0,0,0,0
Togo,1993,3,1,Togo,TGO,541.357064850428,4207453,43,1993,1993,0,0,0,0,0,0,0,0,0,1,0,0,0,0,0
Togo,1994,3,0,Togo,TGO,620.182624671753,4222940,43,1994,1993,1,0,0,0,0,0,0,0,0,0,1,0,0,0,0
Togo,1995,3,0,Togo,TGO,640.349913996042,4410832,43,1995,1993,2,0,0,0,0,0,0,0,0,0,0,1,0,0,0
Togo,1996,3,0,Togo,TGO,671.50427472391,4577860,43,1996,1993,3,0,0,0,0,0,0,0,0,0,0,0,1,0,0
Togo,1997,3,0,Togo,TGO,744.126640948867,4725030,43,1997,1993,4,0,0,0,0,0,0,0,0,0,0,0,0,1,0
Togo,1998,3,0,Togo,TGO,706.689579910124,4860913,43,1998,1993,5,0,0,0,0,0,0,0,0,0,0,0,0,0,1
Uganda,1985,0,0,Uganda,UGA,337.997945432752,15023681,44,1985,1996,-11,1,0,0,0,0,0,0,0,0,0,0,0,0,0
Uganda,1986,0,0,Uganda,UGA,329.57852173859,15467579,44,1986,1996,-10,0,1,0,0,0,0,0,0,0,0,0,0,0,0
Uganda,1987,0,0,Uganda,UGA,332.185941474188,15954170,44,1987,1996,-9,0,0,1,0,0,0,0,0,0,0,0,0,0,0
Uganda,1988,0,0,Uganda,UGA,348.37383295348,16470483,44,1988,1996,-8,0,0,0,1,0,0,0,0,0,0,0,0,0,0
Uganda,1989,0,0,Uganda,UGA,358.769886121704,17010698,44,1989,1996,-7,0,0,0,0,1,0,0,0,0,0,0,0,0,0
Uganda,1990,0,0,Uganda,UGA,369.839286985576,17569897,44,1990,1996,-6,0,0,0,0,0,1,0,0,0,0,0,0,0,0
Uganda,1991,0,0,Uganda,UGA,377.780503685951,18155901,44,1991,1996,-5,0,0,0,0,0,0,1,0,0,0,0,0,0,0
Uganda,1992,0,0,Uganda,UGA,377.609612721367,18785032,44,1992,1996,-4,0,0,0,0,0,0,0,1,0,0,0,0,0,0
Uganda,1993,0,0,Uganda,UGA,395.163949168597,19445161,44,1993,1996,-3,0,0,0,0,0,0,0,0,1,0,0,0,0,0
Uganda,1994,0,0,Uganda,UGA,406.592301920177,20108801,44,1994,1996,-2,0,0,0,0,0,0,0,0,0,1,0,0,0,0
Uganda,1995,1,0,Uganda,UGA,441.226201168263,20665667,44,1995,1996,-1,0,0,0,0,0,0,0,0,0,0,1,0,0,0
Uganda,1996,4,1,Uganda,UGA,468.427898950193,21231550,44,1996,1996,0,0,0,0,0,0,0,0,0,0,0,0,1,0,0
Uganda,1997,4,0,Uganda,UGA,478.250663988847,21856046,44,1997,1996,1,0,0,0,0,0,0,0,0,0,0,0,0,1,0
Uganda,1998,4,0,Uganda,UGA,487.008977266219,22515806,44,1998,1996,2,0,0,0,0,0,0,0,0,0,0,0,0,0,1
Zambia,1985,0,0,Zambia,ZMB,931.808263595704,6780953,45,1985,1991,-6,1,0,0,0,0,0,0,0,0,0,0,0,0,0
Zambia,1986,0,0,Zambia,ZMB,910.944542362099,6986471,45,1986,1991,-5,0,1,0,0,0,0,0,0,0,0,0,0,0,0
Zambia,1987,0,0,Zambia,ZMB,908.680042753164,7191282,45,1987,1991,-4,0,0,1,0,0,0,0,0,0,0,0,0,0,0
Zambia,1988,0,0,Zambia,ZMB,939.599679398111,7391440,45,1988,1991,-3,0,0,0,1,0,0,0,0,0,0,0,0,0,0
Zambia,1989,0,0,Zambia,ZMB,905.747380200891,7589216,45,1989,1991,-2,0,0,0,0,1,0,0,0,0,0,0,0,0,0
Zambia,1990,2,0,Zambia,ZMB,878.589205998477,7786169,45,1990,1991,-1,0,0,0,0,0,1,0,0,0,0,0,0,0,0
Zambia,1991,4,1,Zambia,ZMB,856.761723583768,7981650,45,1991,1991,0,0,0,0,0,0,0,1,0,0,0,0,0,0,0
Zambia,1992,4,0,Zambia,ZMB,821.850104215064,8176680,45,1992,1991,1,0,0,0,0,0,0,0,1,0,0,0,0,0,0
Zambia,1993,4,0,Zambia,ZMB,857.039669609389,8373921,45,1993,1991,2,0,0,0,0,0,0,0,0,1,0,0,0,0,0
Zambia,1994,4,0,Zambia,ZMB,764.639411345433,8576269,45,1994,1991,3,0,0,0,0,0,0,0,0,0,1,0,0,0,0
Zambia,1995,4,0,Zambia,ZMB,768.035201563368,8785763,45,1995,1991,4,0,0,0,0,0,0,0,0,0,0,1,0,0,0
Zambia,1996,4,0,Zambia,ZMB,796.018059633101,9004053,45,1996,1991,5,0,0,0,0,0,0,0,0,0,0,0,1,0,0
Zambia,1997,4,0,Zambia,ZMB,805.53240180321,9237063,45,1997,1991,6,0,0,0,0,0,0,0,0,0,0,0,0,1,0
Zambia,1998,4,0,Zambia,ZMB,781.663383813883,9482408,45,1998,1991,7,0,0,0,0,0,0,0,0,0,0,0,0,0,1
Zimbabwe,1985,4,0,Zimbabwe,ZWE,1543.54602241645,8686813,46,1985,NA,NA,1,0,0,0,0,0,0,0,0,0,0,0,0,0
Zimbabwe,1986,4,0,Zimbabwe,ZWE,1524.05510786515,8982578,46,1986,NA,NA,0,1,0,0,0,0,0,0,0,0,0,0,0,0
Zimbabwe,1987,4,0,Zimbabwe,ZWE,1491.43889200127,9284644,46,1987,NA,NA,0,0,1,0,0,0,0,0,0,0,0,0,0,0
Zimbabwe,1988,4,0,Zimbabwe,ZWE,1554.121523425,9583094,46,1988,NA,NA,0,0,0,1,0,0,0,0,0,0,0,0,0,0
Zimbabwe,1989,4,0,Zimbabwe,ZWE,1588.24428841402,9864798,46,1989,NA,NA,0,0,0,0,1,0,0,0,0,0,0,0,0,0
Zimbabwe,1990,4,0,Zimbabwe,ZWE,1653.56521361694,10137281,46,1990,NA,NA,0,0,0,0,0,1,0,0,0,0,0,0,0,0
Zimbabwe,1991,4,0,Zimbabwe,ZWE,1700.16751573044,10404816,46,1991,NA,NA,0,0,0,0,0,0,1,0,0,0,0,0,0,0
Zimbabwe,1992,4,0,Zimbabwe,ZWE,1503.8338876162,10702700,46,1992,NA,NA,0,0,0,0,0,0,0,1,0,0,0,0,0,0
Zimbabwe,1993,4,0,Zimbabwe,ZWE,1497.59397309998,10860288,46,1993,NA,NA,0,0,0,0,0,0,0,0,1,0,0,0,0,0
Zimbabwe,1994,4,0,Zimbabwe,ZWE,1633.9654774338,10873148,46,1994,NA,NA,0,0,0,0,0,0,0,0,0,1,0,0,0,0
Zimbabwe,1995,4,0,Zimbabwe,ZWE,1621.41919547814,10974599,46,1995,NA,NA,0,0,0,0,0,0,0,0,0,0,1,0,0,0
Zimbabwe,1996,3,0,Zimbabwe,ZWE,1759.94136824269,11158360,46,1996,NA,NA,0,0,0,0,0,0,0,0,0,0,0,1,0,0
Zimbabwe,1997,3,0,Zimbabwe,ZWE,1773.50690066801,11369827,46,1997,NA,NA,0,0,0,0,0,0,0,0,0,0,0,0,1,0
Zimbabwe,1998,3,0,Zimbabwe,ZWE,1789.35135307089,11594297,46,1998,NA,NA,0,0,0,0,0,0,0,0,0,0,0,0,0,1
